tumor,chr,position,gene,mafU19x2,mafU21x2,U20_c2MAF,mafU9x2,mafU1x2,mafU2x2,mafU3x2,mafU4x2,mafU5x2,mafU7x2,mafU8x2,mafU10x2,U12_b7MAF,U14_b8MAF,mafU17x2,U16_c1MAF,U18_a1MAF,mafU24x2,mafU28x2,U27_c4MAF,U11_b6MAF,mafU26x2,U25_c3MAF
U,chr3,186456943,KNG1,0,0,0,0,0,0.005405405,0,0,0,0,0.004219409,0,0.001133787,0,0.003284072,0,0,0.007751938,0,0,0.001424163,0,0
U,chr6,124604211,NKAIN2,0.001002004,0.000588062,0.001294524,0.002126905,0.001881763,0,0.000848416,0,0.001198753,0,0.000428082,0.003263052,0.000425532,0.001008573,0.000424268,0.001279863,0.001173834,0.001284247,0.000837521,0.000394379,0.105610216,0.000501756,0
U,chr19,22364128,ZNF676,0,0,0.009389671,0.002209945,0.002779708,0,0,0,0.003350084,0.001157407,0.000611621,0.003023432,0.003344482,0,0,0,0.001182732,0,0,0,0,0.177777778,0.121661721
U,chr15,84685138,ADAMTSL3,0.003892944,0,0.017119244,0.026176024,0.329844206,0.271109083,0.230124119,0.295405371,0.184102864,0.441118551,0.431145038,0.261151079,0.352338841,0.252885624,0.275454836,0.339712919,0.338641932,0.295430393,0.205733055,0.298578803,0.392355256,0.338567839,0.403859649
U,chr14,94084641,KIAA1409,0.302712772,0.305027933,0.234072022,0.288760662,0.29248153,0.259311087,0.244265214,0.011557069,0.262862965,0.281083369,0.423310985,0.295124283,0.232146687,0.267590618,0.269476219,0.288815789,0.229533555,0.002902477,0.200796428,0.274094492,0.330773471,0.275103602,0.248065119
U,chr19,57327109,PEG3,0.235555556,0.21761658,0.188340807,0.21875,0.21192053,0.126315789,0.217557252,0.213793103,0.246612466,0.229166667,0.200657895,0.193181818,0.209591474,0.129411765,0.162162162,0.224669604,0.192802057,0.195530726,0,0.003738318,0.134312697,0.240384615,0.255033557
U,chr10,16737066,RSU1,0.276069519,0.306730197,0.169128508,0.324887387,0.303671189,0.275539568,0.295270558,0.345517026,0.267638758,0.319230769,0.30206379,0.270926201,0.342857143,0.215686275,0.459448333,0.348039216,0.458202388,0.261585366,0.421052632,0.55097493,0.320895522,0.296130952,0.227552276
U,chr11,108106562,ATM_1,0.579746835,0.526603001,0.373932697,0.612903226,0.587323944,0.57309185,0.594654788,0.571785268,0.607954545,0.599505562,0.614689266,0.551162791,0.357853743,0.519553073,0.279771615,0.388072602,0.367432515,0.669473684,0.45959596,0.521442987,0.460338681,0.457627119,0.491044776
U,chr11,108186742,ATM_2,0.327029157,0.40075248,0.314646111,0.297666401,0.2916422,0.255135852,0.293404373,0.323274574,0.298556507,0.279971285,0.302253302,0.274454829,0.374235511,0.237560193,0.458210081,0.407923698,0.37934658,0.285479591,0.190765871,0.263606746,0.350882532,0.41472123,0.329859101
U,chr11,111749372,FDXACB1,0.280542986,0.38961039,0.28032345,0.289473684,0.293023256,0.163636364,0.234285714,0.255605381,0.307894737,0.27388535,0.352941176,0.223021583,0.356886228,0.261904762,0.449704142,0.421641791,0.366954851,0.250814332,0.172131148,0.241286863,0.381798002,0.379464286,0.313543599
U,chr11,128710104,KCNJ1,0.319432861,0.474091261,0.342672414,0.284064665,0.3,0.265100671,0.266547406,0.347229551,0.304190751,0.284734134,0.313421257,0.257534247,0.419333033,0.273504274,0.458953433,0.458108108,0.465644172,0.333666334,0.192344498,0.324678418,0.369506274,0.421273618,0.357732233
U,chr12,11244390,TAS2R43,0.316888046,0.315651261,0.101027397,0.290421456,0.302018093,0.342723005,0.235679214,0.325327511,0.348104157,0.320852834,0.322548028,0.304015296,0.120815138,0.203389831,0.334498834,0.138211382,0.117361785,0.29808251,0.283343577,0.073891626,0.160128102,0.317984832,0.142114385
U,chr13,41517985,ELF1,0.565891473,0.538461538,0.58125,0.48,0.502202643,0.382165605,0.453333333,0.570957096,0.489583333,0.530434783,0.538666667,0.572864322,0.502702703,0.652173913,0.459770115,0.655737705,0.495762712,0.571428571,0.43697479,0.505494505,0.438888889,0.449275362,0.663865546
U,chr13,46563075,ZC3H13,0.430493274,0.493055556,0.3640553,0.424390244,0.485175202,0.331730769,0.504950495,0.475446429,0.375816993,0.518072289,0.442906574,0.437956204,0.340277778,0.425531915,0.289115646,0.524390244,0.374501992,0.457142857,0.222222222,0.460674157,0.444664032,0.510948905,0.464285714
U,chr14,100377903,EML1,0.597701149,0.634297521,0.60952381,0.641653905,0.608784474,0.522792023,0.660056657,0.849030471,0.577172503,0.657963446,0.447236181,0.471471471,0.480769231,0.3,0.379542396,0.644444444,0.464285714,0.892,0.462921348,0.487603306,0.478672986,0.584051724,0.507462687
U,chr15,25953410,ATP10A,0.769230769,0.903225806,0.4,0.848484848,0.461538462,0.522727273,0.56043956,0.5,0.645833333,0.343283582,0.492537313,0.475806452,0.4,0.230769231,0.243697479,0.1,0.159090909,0.622807018,0.4,0.510526316,0.423728814,0.260869565,0.326530612
U,chr15,43815757,MAP1A,0.843478261,0.862204724,0.507407407,0.778911565,0.625912409,0.462230216,0.602666667,0.587006961,0.595266272,0.417322835,0.487465181,0.522357724,0.261796043,0.490909091,0.343119266,0.352398524,0.218772563,0.655226209,0.432170543,0.552242676,0.432432432,0.35059761,0.460710441
U,chr18,223476,THOC1,0.844221106,0.857142857,0.577586207,0.873873874,0.915662651,0.699115044,0.842975207,0.834666667,0.823970037,0.820512821,0.89,0.693661972,0.675925926,0.846153846,0.606796117,0.72,0.71884984,0.926605505,0.547263682,0.75,0.8,0.693430657,0.772277228
U,chr19,38103211,ZNF540,0.246435845,0.252991453,0.129240711,0.285368803,0.238993711,0.255054432,0.217391304,0.287461774,0.218867925,0.279840849,0.281961471,0.266666667,0.189759036,0.203389831,0.250303767,0.181102362,0.222100055,0.270168856,0.212527964,0.40234375,0.273709484,0.238693467,0.219321149
U,chr3,93629540,PROS1,0.218309859,0.226923077,0.220838052,0.255474453,0.558219178,0.186761229,0.563829787,0.232081911,0.508680556,0.28173913,0.273593074,0.220705347,0.226223453,0.197802198,0.20411985,0.288256228,0.288824383,0.289940828,0.366071429,0.553205552,0.230234579,0.473684211,0.609865471
U,chr5,54420788,CDC20B,0.293604651,0.329479769,0.190938511,0.25,0.672782875,0.249433107,0.646766169,0.344897959,0.683168317,0.29707113,0.30071599,0.236111111,0.374509804,0.17037037,0.448484848,0.405882353,0.316666667,0.268867925,0.438461538,0.551282051,0.378597786,0.455,0.527027027
U,chr5,112173704,APC,0.192307692,0.304347826,0.063492063,0.186046512,0.52173913,0.142857143,0.535714286,0.303030303,0.69047619,0.214285714,0.3,0.266666667,0.386138614,0.222222222,0.388888889,0.363636364,0.301075269,0.15,0.545454545,0.573770492,0.469387755,0.6,0.471698113
U,chr5,112868683,YTHDC2,0.605527943,0.635463703,0.439054726,0.6332512,0.317532896,0.564584465,0.318504673,0.604060914,0.297267859,0.605239161,0.638693176,0.557443916,0.379591292,0.55,0.352471922,0.401623687,0.437985015,0.626188341,0.198909603,0.280805687,0.511594092,0.271580989,0.285714286
U,chr5,140865425,PCDHGC4,0.687203791,0.724489796,0.455958549,0.704225352,0.43373494,0.579439252,0.348837209,0.632768362,0.330769231,0.592592593,0.67826087,0.571428571,0.506811989,0.574712644,0.395522388,0.417241379,0.42,0.664772727,0.244444444,0.375,0.530250348,0.42,0.344383057
U,chr5,169535116,FOXI1,0.297945205,0.256302521,0.307142857,0.279187817,0.611336032,0.287197232,0.517647059,0.271689498,0.551122195,0.328063241,0.366972477,0.257053292,0.330708661,0.125,0.344370861,0.397727273,0.329305136,0.264264264,0.387096774,0.572289157,0.405189621,0.575630252,0.461038961
U,chr6,152546989,SYNE1,0.422029703,0.44312026,0.388940831,0.601208459,0.596972564,0.512345679,0.582389937,0.584062196,0.597689076,0.581521739,0.566392479,0.508826584,0.414387127,0.428571429,0.374112076,0.401425178,0.412752959,0.573451327,0.313539192,0.427911542,0.366942149,0.561020036,0.560138782
U,chr6,161174009,PLG,0.43620178,0.543352601,0.269709544,0.629834254,0.56,0.48,0.698275862,0.593220339,0.606334842,0.651376147,0.631578947,0.598039216,0.296551724,0.638888889,0.398481973,0.355932203,0.446808511,0.714285714,0.329032258,0.408060453,0.401869159,0.478599222,0.474226804
U,chr7,48141503,UPP1,0.451272502,0.479125249,0.359579216,0.46692112,0.607489598,0.397898884,0.573487032,0.442521083,0.559300874,0.468045113,0.433460076,0.407608696,0.524487095,0.375804376,0.39355272,0.459441921,0.442288049,0.423954373,0.360687023,0.419480016,0.555514102,0.512158055,0.578709288
U,chr7,123594550,SPAM1,0.438069217,0.474835886,0.358851675,0.481054366,0.330917874,0.469237833,0.284768212,0.425550661,0.295863309,0.465530022,0.492427943,0.424534804,0.496822875,0.343373494,0.458361093,0.527777778,0.252604167,0.512273212,0.14599686,0.282362143,0.384425216,0.239919355,0.317730496
,,,,,,,,,,,,,,,,,,,,,,,,,,
,spot,,,19,21,20,9,1,2,3,4,5,7,8,10,12,14,17,16,18,24,28,27,11,26,25
,surf date,,,6/21/18,6/21/18,6/21/18,6/21/18,6/21/18,6/21/18,6/21/18,6/21/18,6/21/18,6/21/18,6/21/18,6/21/18,6/21/18,6/21/18,6/21/18,6/21/18,6/21/18,6/21/18,6/21/18,6/21/18,6/21/18,6/21/18,6/21/18
,slide,,,A5,A5,A5,A4,A4,A4,A4,A4,A4,A4,A4,A4,A4,A4,A5,A5,A5,A5,A5,A5,A4,A5,A5
,phenotype,,,inv,inv,super,inv,super,inv,super,inv,super,inv,inv,inv,super,inv,inv,super,super,inv,super,super,super,inv,inv
,subclone,,,N1,N1,N1,N1,N2,N2,N2,N2,N2,N2,N2,N2,N2,N2,N2,N2,N2,N2,N2,N2,B1,A1,A1