tumor,chr,position,gene,D2_D10MAF,D3_1correctMF,D1_E6MAF,D5_E8MAF,D22_E1,D21_6correctMF,D23_7correctMF,D4_E7MAF,D6_E9MAF,D10_E10MAF,D11_E11MAF,D12_D11MAF,D14_E12MAF,D17_D12MAF,D19_F1,D24_F3MAF,D25_F4MAF,D27_F5MAF,D28_F6MAF,D29_E4MAF,D32_E5MAF,D34_F7MAF,D35_F8MAF,D7_2correctMF,D9_3correctMF,D16_4correctMF,D18_5correctMF,D31_9correctMF,D36_10correctMF,D38_F10MAF,D40_F11MAF,D37_F9MAF,D20_F2MAF
D,19,5587290,SAFB2,0,0.002602472,0,0,0,0,0,0.000309598,0,0,0.000566893,0.000348068,0,0,0,0,0,0,0,,0,0,0,0,0,0,0.000610501,0,0,0,0,0,0.005649718
D,3,138724394,PRR23A,0.017786561,0.00521327,0.002857143,0.001088376,0.002830856,0.002418965,0.003642987,0.000220783,0.012395042,0.000663864,0.020176953,0,0.000425894,0.003921569,0.010626703,0.007978723,0.008316008,0.001514234,0.002772643,0.003236246,0,0.010167768,0,0.001058201,0.001937046,0.00282841,0.002286834,0.001180173,0.002064694,0,0,0.000982318,0.001558239
D,11,5776018,OR52N4,0,0.000178277,0,0,0,0.000373629,7.34E-05,5.24E-05,0,4.42E-05,8.30E-05,0,0,0,0,0,0.000122549,2.77E-05,0.000180766,0,0.000105652,0,4.43E-05,0.00045651,0.000444444,0.000109409,0.000248334,0.000363523,0.000404269,0,1.75E-05,0,0
D,1,15650969,FHAD1,0.000314564,0.000362619,0.00137741,0.000364526,0.003927479,0.000333556,0,0.000399692,0.000492247,0.012205078,0.000423856,0.000123877,0.000404389,0.000192771,0.00035903,0.002687068,0.00060741,0.000238039,0.002546973,0.001086169,0.002864794,0.001433178,0.00180242,0.000318497,0.001873595,0.000502834,0.009347177,0.000161616,0,0.000130787,0.00020045,0.000406339,0.000404727
D,1,158614100,SPTA1,0,7.89E-05,0,6.06E-05,4.71E-05,0.000102352,9.51E-05,2.91E-05,0.000123277,1.59E-05,1.78E-05,0,6.24E-05,3.28E-05,1.14E-05,0,6.84E-05,3.47E-05,6.67E-05,0.000133985,3.22E-05,4.18E-05,0.000232424,6.03E-05,1.16E-05,7.04E-05,2.16E-05,9.63E-05,3.77E-05,0.000119187,7.59E-05,0,4.52E-05
D,19,6312416,ACER1,0.000318167,0.000997957,8.81E-05,2.84E-05,0,0.00048014,0.000450045,6.19E-05,6.33E-05,6.03E-05,1.76E-05,0.000224799,6.84E-05,6.48E-05,0.00048489,0.000173937,0.000130395,0.00021087,8.38E-05,0,0.000862972,7.70E-05,0,0.001172333,0.001581522,0.000851196,0.000460421,0.000687096,0.000669512,0.000265651,6.26E-05,9.93E-05,2.99E-05
D,22,24621541,GGT5,0.527536232,0.332232497,0,0.012223711,0,0,0,0.000553006,0.000688113,0.000636132,0.002034479,0.000368189,0.001637257,0.003610108,0.00388601,0,0.004504505,0,0.002188184,0,0,0.002534854,0,0.00243309,0.002631579,0,0.001079914,0,0,0,0,0,0.001976285
D,15,74425332,ISLR2,0.328125,0.226597325,0,0,0,0,0,0.002631579,0,0,0,0.005154639,0,0,0.006269592,0,0,0,0,0,0,0,0,0.001022495,0,0.001348618,0,0.001451379,0,0,0,0,0
D,8,75737663,PI15,0.287719298,0.17562724,0.002762431,0.001034126,0.001383126,0.004489338,0,0.001216545,0.004115226,0,0.000700525,0,0,0,0.002483444,0,0,0,0.001466276,0,0,0,0,0.000340445,0,0,0,0,0,0,0,0,0
D,12,48921868,OR8S1,0.010869565,0,0,0,0,0,0,0.000659848,0,0,0.001401214,0,0.002369668,0,0.000690608,0,0,0,0.002506266,0,0,0.002478315,0,0,0,0,0,0.003088803,0,0.577272727,0.768617021,0.116666667,0
D,17,7577538,TP53_1,0,0.003115265,0,0.001374098,0,0.011037528,0,0.000958569,0.000712124,0.001115005,0.001135074,0.002,0,0,0.004024621,0.005597015,0,0,0.000994365,0,0,0.010212766,0,0.000226706,0,0.009592326,0,0,0.007843137,0.802603037,0.968162393,0.184563758,0
D,5,140718736,PCDHGA2,0,0.120155039,0.5,0.082089552,0.447619048,0.422222222,0.447154472,0,0,0,0,0,0,0,0,0.00952381,0,0,0,,0,0,0,0,0,0,0.007575758,0,0,0,0,0,0
D,14,20840909,TEP1,0.000699423,0.129398634,0.420055096,0.154666224,0.359542785,0.341197874,0.302351742,0.000567533,0.002038727,0.001700634,0.001040851,0.000667591,0.00063141,0.002411223,0.003629463,0.001993636,0.002885805,0.002437338,0.001479853,0.000854482,0.000747846,0.001615818,0.001581177,0.000804084,0.002174772,0.000696766,0.002954452,0.000701955,0.002907628,0.000715092,0.003802281,0.000559801,0.00251802
D,1,25571735,C1orf63,0,0,0,0,0,0,0,0.541422048,0.660526316,0.360710322,0.557407407,0.553014553,0.31512605,0.638132296,0.60620915,0.451162791,0.588996764,0.624390244,0.597087379,0.602564103,0.619266055,0.579970105,0.397080292,0.536585366,0.5,0.376518219,0.594059406,0.595348837,0.553398058,0.019851117,0,0,0
D,1,173931029,RC3H1,0,0.002449716,0.00571837,0.000516206,0.00090231,0.003372365,0.000980392,0.517522988,0.685082714,0.382311028,0.529873538,0.391384876,0.314410894,0.659596088,0.623925344,0.48584306,0.61959791,0.606200595,0.625816173,0.63151751,0.538473259,0.637554385,0.372541323,0.601846713,0.58623572,0.405204849,0.594884203,0.566226233,0.459085779,0.060586213,0.000515896,0.004628698,0.002306296
D,2,182542628,NEUROD1,0.000312354,8.82E-05,0.000426803,0.000105355,0,5.89E-05,0.000193798,0.368823794,0.450414069,0.252136569,0.496799134,0.315445662,0.349894337,0.497675587,0.433056141,0.411975333,0.468135194,0.45754469,0.452115813,0.515943878,0.421629703,0.445224257,0.310422535,0.590892377,0.460774834,0.344852273,0.469016351,0.419013207,0.329438995,0.018189208,0,0.000400882,0
D,3,50645231,CISH,0,0.000235377,0,0.000338983,0,0,0,0.725430598,0.621991979,0.18968059,0.537194776,0.49665328,0.36631016,0.633387889,0.664308682,0.45256917,0.617351598,0.574725909,0.632128215,0.557251908,0.502283105,0.614867703,0.442748092,0.563583815,0.592110007,0.465123457,0.588674549,0.554019457,0.594285714,0.017384106,0,0,0
D,5,140625166,PCDHB15,0.000633112,0.002011398,0,0.000186055,0.000408441,0.000504159,0.002586207,0.433316268,0.442746297,0.114260232,0.244272462,0.234275731,0.176537424,0.358564911,0.364762001,0.272999903,0.377143623,0.369149718,0.393358439,0.351936967,0.343578819,0.413638254,0.146379326,0.51023622,0.384496124,0.20381808,0.306167401,0.321226415,0.33747412,0.020887116,0,0,0.001824818
D,6,25466145,LRRC16A,0,0,0,0,0.002083333,0,0,0.202460277,0.217125382,0.218772054,0.241580311,0.208333333,0.093587522,0.162790698,0.236453202,0.18956044,0.324528302,0.288732394,0.317948718,0.466666667,0.311827957,0.345323741,0.191489362,0.249457028,0.253658537,0.202205882,0.263868066,0.34448575,0.326315789,0.021021021,0,0,0.003007519
D,12,114793417,TBX5,0,0,0,0.000578035,0,0,0,0.583783784,0.661644696,0.39898563,0.583624563,0.508361204,0.37749815,0.731884058,0.664705882,0.561349693,0.596858639,0.548888889,0.686460808,0.714285714,0.518518519,0.631696429,0.418655098,0.727272727,0.807807808,0.681818182,0.579487179,0.715231788,0.692682927,0.040268456,0,0,0
D,14,36064895,RALGAPA1,0.004206099,0,0.001146789,0.000702741,0.000333834,0.005785921,0,0.595728155,0.637468031,0.295616718,0.524336283,0.53868402,0.358895706,0.656147987,0.605437666,0.49124424,0.594758065,0.632046464,0.600795756,0.618444846,0.539140022,0.595295247,0.470018738,0.592709216,0.608628659,0.497755611,0.627402661,0.58020165,0.562025316,0.045026178,0,0.001092896,0.000289687
D,19,5220119,PTPRS,0,0,0.027777778,0,0,0,0,0.610983982,0.469813392,0.367521368,0.235834609,0.245762712,0.307282416,0.308510638,0.299748111,0.463949843,0.588957055,0.568245125,0.544041451,0.52173913,0.593406593,0.476190476,0.439252336,0.266666667,0.211764706,0.385321101,0.221374046,0.476190476,0.62745098,0,0,0,0
D,17,7577568,TP53_2,0,0,0.010152284,0.005873715,0,0,0,0.736298482,0.910974539,0.295656309,0.721653347,0.559070687,0.375966166,0.935275081,0.841884328,0.631725417,0.865248227,0.833926453,0.857886179,0.955555556,0.791348601,0.874055416,0.48522829,0.991096272,0.884907709,0.472941176,0.890322581,0.608888889,0.72519084,0.065645514,0.00171123,0,0.007644197
D,2,182322501,ITGA4,0.008547009,0.100502513,0,0.012411079,0.014184397,0,0,0.41116917,0.45021945,0.258768511,0.327039275,0.338458207,0.308258381,0.449035813,0.492090784,0.423260248,0.524630542,0.452099031,0.48547486,0.518518519,0.453846154,0.413685848,0.344855305,0.364705882,0.500815661,0.235632184,0.409221902,0.437869822,0.448979592,0.030520646,0,0,0
D,1,53675717,CPT2,0.403375676,0.413589195,0.404692791,0.072916435,0.377196455,0.389307321,0.339576146,0.001172191,0.000303975,0.000486683,0.000542011,0.00074425,0.000350063,0.000537136,0.002714532,0.00280491,0.002092902,0.000380585,0.001736111,0.001119642,0.000770827,0.000392619,0.001203033,0.000648445,0.000500323,0.000643045,0.000494139,0.000692489,0.000470192,0.003572869,0.000309417,0.000325627,0.001633612
D,3,122133554,WDR5B,0.394904459,0.413509813,0.44668008,0.077287066,0.382071366,0.414741916,0.3491794,0.000260349,0.000775795,0.000424178,0.005629478,0,0.000958773,0.001893939,0.002493766,0.003205128,0.001030928,0,0.003898635,0.003649635,0.001677852,0,0.000672948,0.00033557,0.006928406,0.00042203,0,0.001506024,0,0,0.000669344,0,0.002354049
D,9,125424538,OR1L1,0.393247833,0.380816755,0.430340273,0.056450295,0.417108125,0.374850867,0.328331211,0.004958287,0.000368698,0.002494091,0.000308382,0.003136524,0.000322373,0.000401251,0.000317364,0.004507961,0.000428361,0.000438784,0.002007106,0.001729107,0.000811456,0.001419442,0.002318941,0.000400903,0.003876198,0.000657411,0.000418193,0.000328405,0.000549052,0.000227446,0.000314184,0.002608254,0.002722736
D,9,139283031,SNAPC4,0.475748629,0.415334421,0.383410138,0.072296784,0.44124424,0.342312474,0.260545906,0.000440432,0.000368365,9.26E-05,0.0003021,0.000374512,0.000668738,0,0.001321107,0.002025783,0,0.001814882,0.000364122,0,0.00049456,0.0003125,0,0,0.003305365,0.003544528,0.000547196,0,0,0.001705321,0.00032338,0,0.00689003
D,10,93390496,PPP1R3C,0.437217345,0.399191375,0.466409037,0.074200199,0.39025062,0.405147202,0.358016304,0.006304754,0.000547136,0.000350149,0.000536932,0.000695701,0.000524433,0,0.00092218,0.007272727,0.003615852,0.000383399,0.001215658,0.006134969,0,0.004132958,0.000655738,0.001445609,0.00877193,0,0.000513875,0.000793966,0,0.000247036,0.000468604,0.001876613,0.001340483
D,17,7578502,TP53_3,0.684104628,0.669885551,0.857615894,0.286075368,0.734693878,0.735992529,0.653664303,0.000522648,0.000895255,0.000375235,0.000723589,0.001068186,0.000885054,0.001449275,0.001343484,0.014895058,0,0,0,0,0,0,0.001751313,0.000334336,0,0.000187266,0.000702617,0,0,0.002316602,0,0.001338688,0
D,6,74524753,CD109,0.466476462,0.3098434,0.507438017,0.3851618,0.390572391,0.357837838,0.305475504,0,0,0,0.002314815,0.004540295,0,0,0,0.015586035,0,0,0,0,0,0,0,0,0,0.001139601,0.000728332,0,0,0.246334311,0.308536233,0.043128655,0
D,11,6291970,CCKBR,0.101157605,0.075424957,0.101433412,0.070320235,0.107421833,0.079856099,0.061151993,0.000214925,0.000712381,0.002684776,0.000203312,0.001057402,0.00141802,0.000319005,0.000202377,0.001923366,0.000269029,0.000321834,0.000369944,4.42E-05,0.00033313,0.00026295,0.000831165,0.000205574,0.000159668,0.000218702,0.000206569,0.000216754,0.00018263,0.121109855,0.118398438,0.025988248,0.000636571
D,19,52938342,ZNF534,0.393022008,0.288511842,0.316751379,0.088763755,0.291505025,0.272146969,0.263993317,4.01E-05,7.85E-05,0,0,0.000177999,0.00280873,0,0,0.001124069,0,3.48E-05,0,0,0,0.000160224,0.00014157,0.00042481,0.00034492,0.000121039,0.000150757,0.000201622,0.000607903,0.396150651,0.512732735,0.116619759,5.32E-05
D,4,8616162,CPZ,0.336435218,0.299433298,0.398537477,0.346787756,0.376436782,0.256924546,0.228304406,0.000697323,0.000440012,0.000888099,0.000205677,0.000510725,0.001596659,0.002024291,0.002569545,0.012919897,0.00228833,0.004237288,0.000725032,0,0.00277585,0.002680312,0,0.000739645,0.003366464,0.001120574,0.002046983,0.007861635,0.012238452,0.532479414,0.372589532,0.074418605,0
D,17,76488772,DNAH17,0.002103213,0.145550412,0.393515343,0.379498462,0.319432515,0.368376834,0.305077081,0.554612327,0.669918194,0.256288517,0.512286452,0.378481924,0.299692743,0.634365967,0.634670744,0.512201531,0.611235149,0.57026132,0.626149555,0.638848921,0.558396833,0.586471884,0.35449113,0.347012558,0.648776685,0.456743368,0.577567247,0.521523845,0.438484996,0.66630207,0.771334989,0.261825287,0.385308647
D,4,94690473,GRID2,0.442670537,0.437242935,0.417721519,0.377422292,0.352420614,0.404704567,0.383948357,0.225323954,0.29794597,0.126828179,0.173457859,0.185914157,0.150489943,0.30408472,0.312446352,0.254092527,0.258392675,0.24631703,0.289951574,0.224215247,0.218923933,0.269604182,0.225654226,0.367004721,0.323464912,0.18246145,0.36076796,0.238973105,0.238783499,0.563229572,0.358383838,0.216833096,0.364271047
D,1,55474143,BSND,0.418421053,0.344841793,0.406698565,0.288767102,0.36259542,0.401793672,0.322671244,0.23107588,0.301952534,0.118449175,0.248629337,0.24343656,0.237020899,0.371853952,0.28938992,0.260835913,0.257400257,0.299258748,0.288851666,0.1872,0.267008047,0.241803279,0.183357349,0.103399312,0.305582198,0.18195014,0.276761415,0.263368316,0.264181524,0.512338755,0.584845251,0.218560606,0.372319688
D,1,183495779,SMG7,0.450704225,0.348066298,0.394736842,0.397934386,0.365895458,0.402197802,0.324324324,0.466694684,0.659541189,0.27027592,0.52022977,0.432396252,0.369824163,0.627906977,0.631446541,0.535673839,0.614965986,0.576756288,0.608614232,0.704918033,0.538745387,0.608486017,0.370888158,0.688328912,0.581081081,0.379310345,0.578947368,0.563535912,0.414965986,0.351694915,0.299546142,0.20861678,0.40623091
D,2,187627014,FAM171B,0.461220619,0.449450462,0.423742295,0.404240859,0.419846173,0.426237591,0.404591182,0.415818542,0.498032408,0.22494346,0.452168845,0.353922652,0.32402618,0.488232094,0.47219846,0.421551509,0.486961409,0.451779801,0.458394776,0.478618978,0.416904971,0.492763707,0.336842105,0.426497482,0.545388498,0.360156247,0.507521306,0.442800728,0.419330347,0.360995851,0.528473332,0.247982619,0.424414573
D,3,38888327,SCN11A,0.441184418,0.419300317,0.429149393,0.469005527,0.404651608,0.368649974,0.34052714,0.547794856,0.622904989,0.377857995,0.52868194,0.414316306,0.337458209,0.668479143,0.616952567,0.534018541,0.629780588,0.608841272,0.575849795,0.557346345,0.580539119,0.622975645,0.409753786,0.512594126,0.558825694,0.402955858,0.617665065,0.592459699,0.467758916,0.311378079,0.293085392,0.214129664,0.377889537
D,3,121980530,CASR,0.480769231,0.416015098,0.490322581,0.367446098,0.413978495,0.372661565,0.355525965,0.542480638,0.609445958,0.325085324,0.451877642,0.459857083,0.297684675,0.623563218,0.602523659,0.51980198,0.585284281,0.637908497,0.599770642,0.588235294,0.495327103,0.615563298,0.402379286,0.660233918,0.662414132,0.447468699,0.571428571,0.566860465,0.518062397,0.295546559,0.324161651,0.131067961,0.38638985
D,6,85457764,TBX18,0.371134021,0.391813472,0.417687075,0.444888889,0.361111111,0.380760154,0.308357349,0.444957033,0.451958913,0.214695752,0.393196598,0.393576017,0.275024556,0.481049563,0.501265823,0.405571635,0.307210031,0.313269039,0.311984474,0.279635258,0.280453258,0.338303342,0.182058047,0.432880403,0.414254591,0.313274336,0.493783645,0.313999815,0.225290698,0.218110236,0.247781199,0.234092694,0.419742489
D,7,81355326,HGF,0.494809689,0.367070896,0.448529412,0.35731767,0.377079728,0.343257443,0.335576923,0.460664141,0.471437162,0.248137985,0.389731917,0.305400372,0.286266245,0.463225371,0.453261321,0.431006047,0.459725354,0.456643002,0.464536243,0.444029851,0.416164659,0.465156794,0.313223051,0.452063915,0.392931393,0.35099889,0.41942324,0.439009782,0.347928994,0.393263872,0.469046387,0.248049281,0.37122093
D,7,86574309,KIAA1324L,0.443514644,0.429319372,0.438423645,0.438280166,0.422920892,0.385714286,0.454545455,0.435837246,0.497326203,0.30099728,0.392405063,0.356540084,0.23375,0.471014493,0.518518519,0.43059126,0.481765835,0.455882353,0.405487805,0.458823529,0.468864469,0.499224806,0.386058981,0.358661239,0.562015504,0.400326797,0.478873239,0.460815047,0.404833837,0.48340249,0.499301676,0.232673267,0.360752056
D,7,108524200,C7orf66,0.44452398,0.407978788,0.401123596,0.395863053,0.355304348,0.431597336,0.31844089,0.47883986,0.483461597,0.236582153,0.430732962,0.335967927,0.348590768,0.440924092,0.457410662,0.383570105,0.409900285,0.461285685,0.492086331,0.458735263,0.389855072,0.504998781,0.376075731,0.495795566,0.507352941,0.388528533,0.481803279,0.453632788,0.388327998,0.45010395,0.469370147,0.312879708,0.375028377
D,7,142640915,KEL,0.37207078,0.450860065,0.441421255,0.419306184,0.457845785,0.434104878,0.31047619,0.36978716,0.517962581,0.224364592,0.441196237,0.306304918,0.278824751,0.519793776,0.44287417,0.403311868,0.469768124,0.45433869,0.444385311,0.499011206,0.41068917,0.442475688,0.32668187,0.533175579,0.470776909,0.398366291,0.471487788,0.477716749,0.443968997,0.471504634,0.457546049,0.281158715,0.426268187
D,8,1626466,DLGAP2,0.560046499,0.457746126,0.54517932,0.496396222,0.599794076,0.494000028,0.477604923,0.855970748,0.964023444,0.501404838,0.65947579,0.591935137,0.519686266,0.776308223,0.74132405,0.811843502,0.933786078,0.914086379,0.91466235,0.939108373,0.870660629,0.953478299,0.600281988,0.891536449,0.733898959,0.554523617,0.739094115,0.895749012,0.814838036,0.689473197,0.734469978,0.185110974,0.000258582
D,10,92675949,ANKRD1,0.486663029,0.396327219,0.451050992,0.375256267,0.433967635,0.382507047,0.345637896,0.358076451,0.552989575,0.251004498,0.393648763,0.340981541,0.21026422,0.485080812,0.460162929,0.394975162,0.468354568,0.450074834,0.452289506,0.513768898,0.417361796,0.482553199,0.271819533,0.35778768,0.459428997,0.30912234,0.385745638,0.47742312,0.421604535,0.481365045,0.488177267,0.187625907,0.41575703
D,10,113926268,GPAM,0.411215922,0.44806875,0.429095932,0.402534195,0.364515924,0.41932383,0.358042636,0.333292819,0.483575926,0.288325956,0.416340991,0.298911837,0.210179408,0.449950847,0.435401218,0.367503844,0.446944248,0.410355567,0.451689044,0.478451479,0.383983485,0.463716775,0.253837321,0.460594804,0.399941153,0.341043771,0.49506243,0.467812931,0.403125137,0.376898655,0.503186368,0.264398325,0.408060329
D,11,57512915,BTBD18,0.385321101,0.267326733,0.378698225,0.312780269,0.44600939,0.356321839,0.260273973,0.382977117,0.461869619,0.252228712,0.336552023,0.287161058,0.220858896,0.317460317,0.470664928,0.377693283,0.4,0.41775837,0.456362937,0.326530612,0.393822394,0.415670651,0.248722317,0.433423913,0.48880597,0.346801347,0.295986622,0.425120773,0.29707113,0.476744186,0.45154185,0.163934426,0.342321219
D,12,25398284,KRAS,0.011876736,0.36876316,0.442760943,0.391122733,0.3674223,0.344616923,0.313243986,0.842196484,0.907878575,0.473319978,0.809109176,0.757797271,0.508743879,0.963914174,0.942988399,0.752201079,0.912039925,0.913456539,0.899709941,0.894839974,0.818127962,0.907584514,0.609175795,0.753985335,0.919731801,0.642053878,0.927929115,0.854743137,0.769559818,0.617321016,0.702588082,0.254173291,0.36914431
D,17,61958756,GH2,0.477362205,0.416816485,0.461287694,0.413602674,0.423022599,0.358611825,0.339759036,0.610760523,0.741700773,0.36149751,0.490127446,0.429130775,0.353600608,0.62804878,0.608986883,0.529383998,0.637327189,0.610617832,0.626203677,0.730769231,0.586969516,0.648729792,0.373553719,0.635714286,0.64470392,0.457823385,0.656205957,0.549878345,0.602115003,0.723304754,0.734140178,0.232297504,0.465241571
D,17,63200417,RGS9,0.420727338,0.383165796,0.395471974,0.481997983,0.427310143,0.390813925,0.343636295,0.293300764,0.279901176,0.25811841,0.168495871,0.162367752,0.157371484,0.298074401,0.317540054,0.270206767,0.313887103,0.292306171,0.291265347,0.231651376,0.289887021,0.328426669,0.241141994,0.167986252,0.312042615,0.20506618,0.239058501,0.282925006,0.268538131,0.279385986,0.296451998,0.219158713,0.369639017
D,19,15566917,RASAL3,0.300378174,0.254617951,0.315577889,0.446503879,0.308475809,0.23825268,0.21772997,0.46303859,0.487850676,0.107570102,0.416442353,0.415235471,0.286688617,0.420554649,0.500496006,0.43180202,0.232606679,0.246512223,0.271817954,0.143525741,0.241212512,0.272703951,0.183562787,0.378290477,0.451257168,0.319264559,0.465799111,0.209170937,0.201459035,0.273271639,0.208346709,0.13880597,0.328353198
D,19,34890932,GPI,0.309667159,0.317202572,0.302995057,0.352237867,0.375876956,0.29821718,0.286879896,0.433422114,0.471845695,0.144795817,0.438774636,0.342378127,0.300801722,0.485404789,0.467126193,0.421063031,0.26199364,0.257526391,0.247851681,0.249149081,0.231665794,0.244488025,0.157212105,0.479118993,0.541692251,0.396355819,0.53735319,0.258441845,0.221764221,0.300512639,0.237167343,0.176044084,0.310552764
D,19,46215175,FBXO46,0.427966102,0.345034247,0.486486486,0.499717354,0.430555556,0.444313633,0.370171674,0.666281183,0.669193451,0.447490947,0.572355178,0.578024797,0.473621579,0.778606965,0.663693599,0.5807327,0.444444444,0.424498416,0.387339056,0.244444444,0.442996743,0.407239819,0.228915663,0.740713765,0.558549003,0.45333099,0.570353649,0.185525349,0.215780296,0.408333333,0.342733189,0.213114754,0.520882585
D,22,50656429,TUBGCP6,0.43373494,0.388082506,0.49905482,0.313201497,0.550373134,0.351769912,0.5,0.610292978,0.611279334,0.311316786,0.32292179,0.155938697,0.286773795,0.410922113,0.270582329,0.512420156,0.633437175,0.605450237,0.61003861,0.569565217,0.646403242,0.602266595,0.386792453,0.443195504,0.356932153,0.218333967,0.35405502,0.471609817,0.574561404,0.289473684,0.43537415,0.097363083,0.357593605
,,,,,,,,,,,,,,,,,,,,,,,,,,,,,,,,,,,,
,spot,,,2,3,1,5,22,21,23,4,6,10,11,12,14,17,19,24,25,27,28,29,32,34,35,7,9,16,18,31,36,38,40,37,20
,surf date,,,10/25/18,10/25/18,10/25/18,10/25/18,10/25/18,10/25/18,10/25/18,10/25/18,10/25/18,10/25/18,10/25/18,10/25/18,10/25/18,10/25/18,10/25/18,10/25/18,10/25/18,10/25/18,10/25/18,10/25/18,10/25/18,10/25/18,10/25/18,10/25/18,10/25/18,10/25/18,10/25/18,10/25/18,10/25/18,10/25/18,10/25/18,10/25/18,10/25/18
,slide,,,A4,A4,A4,A4,A3,A3,A3,A4,A4,A4,A4,A4,A4,A4,A4,A3,A3,A3,A3,A3,A3,A3,A3,A4,A4,A4,A4,A3,A3,A3,A3,A3,A4
,phenotype,,,super,super,super,super,super,super,super,inv,inv,super,inv,inv,super,inv,inv,super,inv,inv,inv,super,inv,inv,super,super,inv,inv,inv,inv,inv,inv,inv,super,super
,subclone,,,N5,mix,B1&B2&B3,B1&B2&B3,B1&B2&B3,B1&B2&B3,B1&B2&B3,N4,N4,N4,N4,N4,N4,N4,N4,N4,N4,N4,N4,N4,N4,N4,N4,N4,N4,N4,N4,N4,N4,N3,N3,N2,N1