tumor,chr,position,gene,w1a4MAF,w3a9MAF,mafW2x2,w22MAF,w7a12MAF,w6a11MAF,w6e11MAF,w17f3MAF,w17b12MAF,w15b11MAF,w18c1MAF,w14b10MAF,w11b6MAF,w14f2MAF,w5a10MAF,w8e12MAF,w11f1MAF,w9b4MAF,w10b5MAF,w20c2MAF,w24c4MAF,w24f5MAF,w21f4MAF,w25c5MAF,w28MAF,w27MAF,w31f7MAF,w26c7MAF,w22c3MAF,w29f6MAF
W,12,5724427,ANO2,0.26602,0.26612,0.255319149,0.33973,0.00391,0.00052,0,0,0.0011,0.00172,0.00307,0.00169,0.00141,0.00294,0.00037,0.01238,0,0.00073,0.00117,0.0012,0.00116,0,0.00392,0.00133,0.0012,0.00127,0,0.00045,0.0023,0.00346
W,19,46355577,SYMPK,0.28853,0.27443,0.238971403,0.28698,0.37473,0.40935,0.11131,0,0.00153,0.00015,0.00037,0,0.00009,0.00115,0.0243,0.00532,0.0016,0.00009,0.00155,0.0001,0.00028,0.00338,0.00183,0.0004,0.00017,0.00076,0.00124,0.0002,0.0005,0.00147
W,16,71482558,ZNF23,0.24502,0.21216,0.24137931,0.30293,0.27675,0.33993,0.39912,0.242,0.28981,0.29776,0.26934,0.33001,0.00265,0.00121,0.00248,0.00177,0,0.00021,0.00068,0,0.05304,0,0,0,0,0.00075,0,0.00049,0.00129,0.00146
W,3,101056400,SENP7,0.30182,0.30769,0.25,0.44048,0.35075,0.43637,0.375,0.32,0.33173,0.3651,0.43102,0.46831,0.14208,0.40244,0.10007,0,0,0.00154,0.0005,0.00189,0.04149,0,0,0,0,0.01575,0,0,0.00158,0
W,7,107350527,SLC26A4,0.28291,0.29137,0.352941176,0.32634,0.32831,0.48185,0.45775,0.28139,0.30669,0.35433,0.43562,0.37784,0.28601,0.33667,0.48522,0.32212,0.28814,0.36873,0.39128,0.00083,0.03814,0,0,0.00045,0,0.00405,0,0.00131,0,0
W,3,13361391,NUP210,0.48625,0.47242,0.302600473,0.26417,0.24621,0.00512,0.17742,0.45296,0.39395,0.30412,0.29016,0.26393,0.46284,0.24809,0.30581,0.40789,0.33654,0.31766,0.35317,0.27053,0.41408,0.20455,0.18182,0.26932,0.20769,0.17395,0.10989,0.12721,0.03997,0.0547
W,6,32811629,PSMB8,0.41482,0.39987,0.40776699,0.2299,0.24609,0.20449,0.02439,0.28376,0.24804,0.32474,0.30888,0.09905,0.3265,0.17047,0.00078,0.25385,0.33333,0.23784,0.17098,0.16419,0.45244,0.26667,0.18644,0.21313,0.26667,0.1462,0.19512,0.15071,0.30737,0.13961
W,4,15587865,CC2D2A,0.30498,0.29751,0.242424242,0.4012,0.35905,0.45911,0.44444,0.28519,0.33397,0.44223,0.40909,0.35841,0.28732,0.45017,0.41667,0.38384,0.26087,0.39413,0.42292,0.44877,0.24214,0.43902,0.44444,0,0,0,0,0,0,0
W,11,62287223,AHNAK,0.30172,0.26705,0.253731343,0.34075,0.37136,0.4352,0.46862,0.31368,0.39842,0.44807,0.45883,0.37111,0.34387,0.49239,0.34425,0.28,0.35294,0.37652,0.44656,0.41308,0.22825,0.45283,0.46519,0.00037,0.00072,0,0,0.00046,0.00051,0
W,13,32906967,BRCA2,0.29201,0.30928,0.269230769,0.41419,0.32376,0.46782,0.49206,0.33157,0.30836,0.36445,0.41166,0.40437,0.34864,0.40161,0.38463,0.38667,0.33849,0.41835,0.44235,0.40107,0.24672,0.42415,0.44083,0,0,0.0011,0.00585,0,0.00136,0
W,15,63932457,HERC1_1,0.29951,0.29408,0.296052632,0.42561,0.38159,0.4543,0.48958,0.32937,0.32843,0.42139,0.43867,0.39703,0.32647,0.49153,0.33224,0.34615,0.26866,0.46452,0.37663,0.40794,0.25894,0.38462,0.43972,0.00144,0.00241,0.0037,0,0.00126,0,0
W,1,152284524,FLG,0.24826,0.19818,0.244629122,0.3357,0.31853,0.16748,0.37121,0.25624,0.26803,0.31952,0.37229,0.38297,0.30386,0.35708,0.208,0.29593,0.30517,0.33693,0.32346,0.38475,0.17883,0.35271,0.4109,0.31545,0.39301,0.36968,0.34606,0.33292,0.27121,0.38801
W,6,35088381,TCP11,0.642796967,0.841986456,0.857142857,0.86,0.869266055,1,1,0.775510204,0.942604857,0.942098914,0.932835821,1,0.955223881,0.981481481,0.885057471,0.95,0.958333333,0.926829268,0.891843972,0.955108359,0.585774059,1,1,0.915057915,0.933333333,0.956834532,1,0.923076923,1,0.857142857
W,1,31905868,SERINC2,0.23699,0.21805,0.177966102,0.35008,0.33841,0.44516,0.42857,0.18792,0.33862,0.36119,0.28304,0.03779,0.21334,0.3125,0.25837,0.27907,0.35897,0.3109,0.33854,0.31122,0.14867,0.2381,0.47059,0.33278,0.33584,0.39581,0.45455,0.42925,0.3968,0.48617
W,1,89479934,GBP3,0.30494,0.28728,0.204545455,0.40557,0.35576,0.42054,0.49635,0.3012,0.35286,0.41709,0.49837,0.36924,0.37327,0.49006,0.35588,0.33737,0.39122,0.40684,0.4279,0.37285,0.2831,0.44041,0.4878,0.44041,0.43087,0.48225,0.39973,0.43481,0.36702,0.45084
W,1,204401387,PIK3C2B,0.25927,0.26835,0.344563553,0.35614,0.33629,0.48308,0.40504,0.26106,0.29761,0.33351,0.42095,0.33487,0.29157,0.38314,0.40191,0.31926,0.29327,0.39631,0.40291,0.34804,0.20145,0.37605,0.40508,0.35947,0.3849,0.39482,0.37325,0.44568,0.44591,0.41299
W,2,85059192,C2orf89,0.30083,0.32369,0.299369748,0.44647,0.38965,0.39022,0.47002,0.3155,0.40957,0.41148,0.4254,0.41251,0.35228,0.45994,0.38718,0.37455,0.36413,0.46895,0.45796,0.43748,0.30106,0.46515,0.43899,0.41881,0.45683,0.49966,0.41695,0.44936,0.46027,0.48734
W,2,112944856,FBLN7,0.08455,0.07218,0.2,0.15098,0.13049,0.07229,0.18812,0.11986,0.14276,0.15101,0.16869,0.07522,0.12027,0.21488,0.14478,0.14634,0.14706,0.12507,0.1806,0.11882,0.05594,0.18803,0.17178,0.15095,0.15041,0.17442,0.18889,0.15087,0.07409,0.19856
W,2,166915103,SCN1A,0.26885,0.26366,0.290841584,0.41994,0.37672,0.45241,0.43509,0.27813,0.3101,0.37244,0.41891,0.30746,0.35774,0.3865,0.42514,0.34677,0.35844,0.39378,0.395,0.42275,0.23395,0.37596,0.39752,0.37554,0.34426,0.38843,0.38893,0.49904,0.42503,0.45932
W,2,179578785,TTN,0.26048,0.25535,0.258957655,0.36275,0.43099,0.4442,0.47644,0.2838,0.38041,0.37618,0.4987,0.32776,0.31979,0.39819,0.49737,0.35023,0.34737,0.36495,0.40419,0.46141,0.22009,0.4063,0.4497,0.37341,0.34933,0.43318,0.37012,0.45816,0.44736,0.46248
W,2,197182087,HECW2,0.25318,0.24024,0.37254902,0.34264,0.36819,0.36986,0.3427,0.31511,0.34714,0.41589,0.44245,0.45116,0.35501,0.42991,0.25977,0.31481,0.31222,0.41783,0.31509,0.37294,0.21484,0.39669,0.38636,0.39367,0.41851,0.46868,0.35503,0.42096,0.45836,0.42604
W,2,210560023,MAP2,0.31707,0.28809,0.349462366,0.39335,0.4111,0.44081,0.46718,0.29135,0.34946,0.38772,0.38784,0.33752,0.36372,0.4253,0.35997,0.36044,0.32964,0.38243,0.34555,0.39182,0.24003,0.43378,0.42561,0.4091,0.38339,0.48459,0.40397,0.39794,0.3572,0.45226
W,2,220344509,SPEG,0.2773,0.22909,0.414285714,0.46769,0.41394,0.39607,0.30508,0.29891,0.37037,0.33503,0.45811,0.24089,0.34472,0.42484,0.32958,0.35294,0.37975,0.32436,0.41416,0.42706,0.21897,0.44681,0.3913,0.39689,0.29811,0.28602,0.42188,0.45081,0.40608,0.43609
W,2,240158345,HDAC4,0.26191,0.26365,0.219649915,0.39734,0.39743,0.32346,0.5,0.32185,0.36181,0.36752,0.43672,0.24956,0.37078,0.44205,0.36706,0.35084,0.36911,0.49033,0.38112,0.37033,0.26396,0.37052,0.38983,0.38986,0.29472,0.41134,0.49281,0.42705,0.48805,0.48895
W,3,41275089,CTNNB1,0.28005,0.28327,0.24003148,0.3898,0.33214,0.49196,0.46669,0.31711,0.32989,0.37957,0.39987,0.4271,0.33579,0.39038,0.49961,0.32726,0.34518,0.46896,0.40948,0.39653,0.20854,0.37791,0.41518,0.38221,0.31512,0.44903,0.40538,0.42215,0.47727,0.4889
W,3,50129550,RBM5,0.27202,0.24141,0.245573159,0.37302,0.31072,0.45051,0.44773,0.29425,0.33572,0.3882,0.43619,0.32089,0.3045,0.39593,0.39725,0.33608,0.32091,0.33562,0.36145,0.35394,0.22064,0.44049,0.39912,0.32915,0.37753,0.41395,0.43996,0.42145,0.46706,0.40303
W,5,90106906,GPR98,0.26668,0.25701,0.320930233,0.40533,0.37708,0.44654,0.45293,0.28784,0.35281,0.40786,0.37832,0.41812,0.35769,0.45126,0.49261,0.35231,0.36423,0.44815,0.39138,0.43213,0.22934,0.38365,0.49622,0.38543,0.29979,0.43976,0.42997,0.48346,0.44718,0.425
W,5,112173917,APC,0.30047,0.30615,0.235294118,0.41985,0.33619,0.38528,0.49541,0.33333,0.32229,0.39715,0.44773,0.46015,0.34388,0.3494,0.27701,0.38462,0.30508,0.36813,0.40205,0.41704,0.2177,0.30769,0.42623,0.4511,0.41453,0.40782,0.29167,0.40147,0.49328,0.48864
W,5,140307759,PCDHAC1,0.26887,0.27568,0.285,0.38847,0.36634,0.43657,0.34789,0.29481,0.32232,0.37322,0.45798,0.22213,0.38356,0.43166,0.31361,0.33978,0.36488,0.40703,0.28498,0.42665,0.20466,0.4053,0.40076,0.38635,0.42374,0.35236,0.42078,0.45273,0.35852,0.40636
W,6,32947885,BRD2,0.548222457,0.581657848,0.481481481,0.772397094,0.718253968,0.941983122,0.911330049,0.556650246,0.663319239,0.732310737,0.883797054,0.867590454,0.695318805,0.884353741,0.730225249,0.668918919,0.691489362,0.776699029,0.803261624,0.819470347,0.43276,0.849206349,0.876344086,0.744034707,0.863945578,0.788732394,0.849802372,0.863870202,0.814951887,0.936585366
W,6,33653839,ITPR3,0.520539608,0.47227,0.50660793,0.755617978,0.604581673,0.858496152,0.906862745,0.599326599,0.720648886,0.720052463,0.735080473,0.984615385,0.720124389,0.91374269,0.574586921,0.694630872,0.619565217,0.776843622,0.837024418,0.871683168,0.36148,0.857142857,0.901098901,0.75216663,0.757062147,0.80148423,0.824902724,0.84657105,0.973675964,0.944897959
W,6,109225468,ARMC2,0.21974,0.23624,0.233333333,0.23322,0.31967,0.33164,0.35028,0.26862,0.28672,0.29197,0.39884,0.29581,0.28098,0.41273,0.38571,0.34348,0.27925,0.32964,0.33401,0.36731,0.17016,0.47771,0.33219,0.34835,0.2219,0.32054,0.33957,0.33976,0.35212,0.38208
W,7,107743571,LAMB4,0.2554,0.2801,0.280916031,0.39216,0.33758,0.36112,0.48837,0.30046,0.36646,0.42173,0.47962,0.38999,0.32696,0.43381,0.31147,0.34528,0.43096,0.36803,0.45576,0.37413,0.23913,0.47656,0.38235,0.4072,0.40078,0.43168,0.46411,0.43882,0.43491,0.43263
W,7,154760810,PAXIP1,0.27751,0.27549,0.163636364,0.35266,0.30176,0.45427,0.475,0.32353,0.34436,0.36144,0.36137,0.27849,0.31262,0.4359,0.32828,0.15094,0.28814,0.44217,0.37148,0.42744,0.21909,0.37209,0.46809,0.38217,0.31533,0.39245,0.44444,0.47174,0.40643,0.39063
W,8,77764932,ZFHX4,0.26993,0.24667,0.283931947,0.34274,0.37584,0.46084,0.4283,0.29096,0.35179,0.37062,0.46758,0.43929,0.29683,0.43122,0.30933,0.32489,0.32358,0.35015,0.46992,0.41581,0.21018,0.36691,0.40148,0.46169,0.48848,0.45393,0.39856,0.35783,0.24975,0.31578
W,8,130777930,GSDMC,0.24799,0.27528,0.294255913,0.39504,0.38049,0.4458,0.45591,0.30061,0.34819,0.42377,0.44213,0.45451,0.40544,0.43035,0.27967,0.36625,0.32099,0.38969,0.39874,0.43079,0.22835,0.42974,0.453,0.32694,0.40024,0.40749,0.46024,0.38961,0.4363,0.47226
W,8,139642967,COL22A1,0.23541,0.25512,0.234253551,0.29855,0.2879,0.3335,0.41802,0.27855,0.33027,0.30925,0.23647,0.31909,0.28966,0.38111,0.28814,0.33062,0.32412,0.32,0.37439,0.34053,0.13751,0.3887,0.36853,0.27461,0.29496,0.40543,0.38368,0.37035,0.31334,0.40352
W,9,8376052,PTPRD,0.30136,0.27177,0.298319328,0.37805,0.39688,0.43408,0.47183,0.3123,0.32857,0.43056,0.47597,0.2836,0.36668,0.44363,0.33726,0.36328,0.37925,0.35309,0.46598,0.45195,0.22389,0.47176,0.4611,0.39999,0.40475,0.38865,0.39236,0.43917,0.44485,0.49921
W,9,16436735,BNC2,0.2782,0.20558,0.363636364,0.43218,0.36957,0.30687,0.45763,0.3087,0.35683,0.37155,0.41074,0.42857,0.2587,0.43713,0.42706,0.46667,0.25735,0.37337,0.45469,0.40906,0.19886,0.40845,0.35294,0.39094,0.42128,0.38859,0.49541,0.36107,0.45472,0.48045
W,9,94487275,ROR2,0.33312,0.37293,0.238471673,0.47334,0.3976,0.38857,0.47595,0.36694,0.47909,0.47741,0.3952,0.16342,0.43314,0.47807,0.38145,0.43048,0.38872,0.47704,0.43251,0.47315,0.27029,0.42607,0.45411,0.47279,0.45419,0.43679,0.47511,0.45691,0.47535,0.46839
W,9,109689980,ZNF462,0.27358,0.26437,0.27864215,0.39702,0.32362,0.43695,0.47782,0.33094,0.31514,0.42045,0.47871,0.22327,0.36516,0.42044,0.25821,0.38192,0.39217,0.41453,0.42632,0.38341,0.22172,0.47681,0.43274,0.40508,0.22236,0.40586,0.41479,0.42832,0.49766,0.44665
W,9,125860101,RABGAP1,0.24083,0.22071,0.30449827,0.39455,0.31795,0.47104,0.43065,0.2956,0.32712,0.33962,0.43046,0.49451,0.32188,0.4079,0.4599,0.34247,0.32233,0.37817,0.39072,0.41643,0.25256,0.40398,0.43596,0.40321,0.36494,0.43947,0.42244,0.43804,0.4528,0.4644
W,11,118892502,TRAPPC4,0.26589,0.22545,0.213799806,0.38062,0.34633,0.4471,0.39335,0.26682,0.34327,0.33213,0.35608,0.36233,0.35806,0.37516,0.3342,0.31436,0.29346,0.40773,0.37855,0.4003,0.178,0.38848,0.39654,0.33199,0.358,0.43649,0.40993,0.41505,0.45264,0.40515
W,12,6601457,MRPL51,0.31564,0.25598,0.251974031,0.38447,0.43342,0.37719,0.44305,0.28736,0.35827,0.38037,0.46338,0.47427,0.34345,0.47175,0.41914,0.34337,0.33894,0.38535,0.40804,0.37002,0.18722,0.44519,0.46435,0.39215,0.37513,0.43824,0.41014,0.41517,0.35773,0.44141
W,12,40715869,LRRK2,0.31183,0.27499,0.43537415,0.41139,0.35037,0.48828,0.4726,0.32287,0.33496,0.3863,0.49836,0.39558,0.3334,0.38267,0.32402,0.39076,0.30163,0.39386,0.44265,0.44169,0.2716,0.35165,0.49153,0.41136,0.31292,0.42379,0.41981,0.41947,0.39067,0.48598
W,12,49440420,MLL2,0.25164,0.31751,0.294117647,0.29415,0.30726,0.27387,0.39375,0.32658,0.29554,0.35881,0.45556,0.00882,0.29346,0.38195,0.32805,0.33775,0.37673,0.41134,0.47058,0.48662,0.17694,0.3125,0.43008,0.36836,0.41315,0.40361,0.43216,0.42993,0.36537,0.38584
W,12,64436714,SRGAP1,0.23969,0.26982,0.357541899,0.34247,0.30145,0.4607,0.46776,0.33554,0.32014,0.34269,0.41658,0.48955,0.32462,0.42308,0.30126,0.36473,0.37528,0.35474,0.3495,0.35161,0.23186,0.37698,0.42251,0.37366,0.36171,0.38841,0.39969,0.4497,0.36871,0.43827
W,12,69968679,FRS2,0.26895,0.32899,0.268339513,0.3676,0.35313,0.42377,0.43192,0.32191,0.35158,0.43172,0.43075,0.46776,0.4095,0.4497,0.32417,0.37279,0.33501,0.37801,0.43156,0.39116,0.23365,0.43298,0.45655,0.40027,0.42157,0.40421,0.41056,0.41669,0.48642,0.44814
W,12,71977912,LGR5,0.2441,0.22867,0.299401198,0.3549,0.32468,0.22673,0.44744,0.24008,0.30894,0.3143,0.34521,0.18472,0.3394,0.41667,0.48132,0.28519,0.26918,0.34279,0.40059,0.30985,0.20812,0.35484,0.38776,0.382,0.34564,0.33897,0.34519,0.40982,0.34448,0.35657
W,12,117426612,FBXW8,0.32627,0.24846,0.298642534,0.38472,0.37767,0.42322,0.4332,0.31206,0.3464,0.36998,0.46464,0.22072,0.29068,0.41251,0.49955,0.35048,0.33065,0.32629,0.37075,0.47411,0.26532,0.41822,0.41765,0.40146,0.38657,0.40616,0.38528,0.47234,0.27501,0.4494
W,12,130185239,TMEM132D,0.44076,0.46347,0.374673629,0.42504,0.42003,0.45468,0.40523,0.4789,0.48958,0.40882,0.36856,0.21549,0.36385,0.41408,0.33154,0.40404,0.46243,0.37639,0.44371,0.33168,0.45755,0.34328,0.32402,0.37401,0.45135,0.40976,0.38961,0.41444,0.19069,0.3339
W,14,102467986,DYNC1H1,0.29141,0.35829,0.220338983,0.42419,0.47699,0.38115,0.44737,0.30952,0.3539,0.41696,0.46977,0.49367,0.38323,0.46596,0.42394,0.38318,0.36893,0.39761,0.34867,0.4146,0.2178,0.41011,0.41837,0.44528,0.39776,0.48574,0.47191,0.43167,0.28528,0.49275
W,15,63940311,HERC1_2,0.28093,0.27729,0.33924441,0.39229,0.3595,0.42363,0.44452,0.3021,0.37908,0.41409,0.47873,0.4133,0.33919,0.44977,0.49806,0.35023,0.33803,0.38008,0.39577,0.42571,0.26372,0.40498,0.44347,0.37809,0.41365,0.41266,0.43512,0.49429,0.4059,0.4976
W,15,90771829,SEMA4B,0.1748,0.14246,0.263157895,0.28358,0.30982,0.11934,0.39024,0.27027,0.27139,0.34767,0.10683,0.43662,0.23973,0.24885,0.42434,0.29508,0.19048,0.31895,0.30425,0.25266,0.28432,0.4,0.26786,0.27247,0.32203,0.32727,0.44737,0.28002,0.25574,0.33784
W,16,7645551,RBFOX1,0.30673,0.2774,0.43,0.42332,0.32772,0.33508,0.41009,0.26423,0.39354,0.37841,0.41541,0.42412,0.31082,0.5,0.36719,0.34694,0.25263,0.35988,0.43465,0.38795,0.21684,0.31707,0.33943,0.40234,0.39014,0.38758,0.40753,0.33974,0.45748,0.46494
W,16,20396000,PDILT,0.28765,0.27694,0.176954733,0.32979,0.336,0.44486,0.41509,0.26046,0.34237,0.406,0.40399,0.40749,0.3471,0.4123,0.43971,0.35233,0.25714,0.40207,0.42964,0.41625,0.161,0.40541,0.49268,0.37247,0.3818,0.40721,0.34722,0.42431,0.3844,0.4702
W,16,53532508,AKTIP,0.26664,0.26013,0.314002829,0.37944,0.40218,0.39264,0.43786,0.31362,0.37423,0.39854,0.40567,0.47131,0.34962,0.41822,0.48114,0.37512,0.32698,0.39737,0.39619,0.43058,0.25815,0.39229,0.45428,0.38411,0.36053,0.38331,0.42873,0.44552,0.49043,0.45157
W,17,11757353,DNAH9,0.28745,0.3024,0.249551167,0.37033,0.40869,0.30682,0.41379,0.28879,0.32071,0.42085,0.497,0.42481,0.31705,0.43214,0.26405,0.37079,0.32515,0.41451,0.44275,0.36948,0.24033,0.44028,0.40351,0.40441,0.40643,0.4398,0.39175,0.43349,0.40651,0.49545
W,17,39919383,JUP,0.17266,0.1843,0.140083218,0.27807,0.25905,0.4026,0.37378,0.18576,0.252,0.27439,0.34079,0.16194,0.30445,0.29507,0.47324,0.27559,0.18021,0.27164,0.31386,0.30382,0.15249,0.28756,0.32432,0.29269,0.26358,0.30901,0.32516,0.3563,0.34265,0.37467
W,18,28934818,DSG1,0.30439,0.25365,0.295107034,0.39388,0.40538,0.44998,0.44119,0.33409,0.32075,0.34523,0.39328,0.16931,0.30942,0.40461,0.4716,0.34709,0.32313,0.40381,0.3918,0.39296,0.20777,0.40541,0.43009,0.41923,0.32953,0.35666,0.41701,0.38148,0.28819,0.41984
W,19,39397920,NFKBIB,0.34424,0.33951,0.271975181,0.4175,0.49037,0.45378,0.41412,0.29384,0.41674,0.45171,0.45343,0.4075,0.43744,0.47992,0.47671,0.40289,0.40043,0.46395,0.40274,0.48057,0.25166,0.46875,0.47969,0.41075,0.49764,0.46803,0.48451,0.43373,0.42999,0.42607
W,19,53770076,VN1R4,0.28323,0.27373,0.237623762,0.35407,0.40321,0.40322,0.41455,0.27648,0.34351,0.38725,0.49443,0.28625,0.34917,0.38302,0.37734,0.3037,0.33724,0.37111,0.37723,0.33816,0.22262,0.37931,0.43854,0.33295,0.26572,0.40529,0.40052,0.37594,0.39924,0.43023
W,20,2308983,TGM3,0.30725,0.29476,0.380952381,0.35933,0.36942,0.33668,0.46405,0.26573,0.36583,0.42828,0.42728,0.3416,0.35782,0.36667,0.43888,0.28783,0.33766,0.37256,0.38941,0.36562,0.20774,0.41026,0.39267,0.4313,0.40056,0.39415,0.44737,0.46117,0.47149,0.49558
W,20,2779154,CPXM1,0.27644,0.20263,0.279150198,0.38849,0.30933,0.43283,0.42454,0.25703,0.29836,0.41779,0.45191,0.15017,0.31708,0.3743,0.49047,0.34034,0.32359,0.36077,0.39564,0.37742,0.16175,0.36287,0.4113,0.35378,0.47095,0.35869,0.36961,0.46968,0.36169,0.45672
W,20,42331214,MYBL2,0.28476,0.2056,0.205469846,0.3507,0.34671,0.46623,0.44535,0.24404,0.33267,0.35152,0.41152,0.36949,0.31573,0.3789,0.32126,0.34471,0.28656,0.28034,0.33333,0.31135,0.15782,0.36236,0.39333,0.37864,0.35829,0.41635,0.41713,0.46445,0.36899,0.43614
W,20,62129087,EEF1A2,0.27198,0.263,0.269946011,0.32281,0.32341,0.3399,0.48015,0.25241,0.3328,0.39309,0.46401,0.00087,0.38388,0.39638,0.22154,0.33354,0.36753,0.36173,0.34175,0.40323,0.13684,0.41718,0.38764,0.37268,0.31167,0.40054,0.4834,0.44644,0.47763,0.43927
W,21,42617894,BACE2,0.30585,0.30451,0.256227758,0.40504,0.39917,0.47734,0.45604,0.34046,0.42227,0.42432,0.392,0.23723,0.41993,0.46832,0.49089,0.27778,0.35417,0.34567,0.4867,0.44975,0.21798,0.46043,0.47727,0.38752,0.33435,0.47143,0.41315,0.49557,0.47888,0.42778
W,22,28702622,TTC28,0.30237,0.29387,0.325112108,0.36644,0.36804,0.48624,0.48998,0.30752,0.37635,0.38467,0.35024,0.41069,0.39093,0.43574,0.32222,0.35042,0.37819,0.42312,0.42878,0.44076,0.24025,0.4096,0.45267,0.3598,0.37696,0.40374,0.43756,0.4928,0.37896,0.47127
,,,,,,,,,,,,,,,,,,,,,,,,,,,,,,,,,
,spot,,,1,3,2,22A,7,6A,6,17A,17,15,18,14A,11,14,5,8,11,9,10,20,24A,24,21,25,28,27,31,26,22,29
,surf date,,,8/22/18,8/22/18,6/22/18,6/22/18,8/22/18,8/22/18,6/22/18,6/22/18,8/22/18,8/22/18,8/22/18,8/22/18,8/22/18,6/22/18,8/22/18,6/22/18,6/22/18,8/22/18,8/22/18,8/22/18,8/22/18,6/22/18,6/22/18,8/22/18,6/22/18,6/22/18,6/22/18,8/22/18,8/22/18,6/22/18
,slide,,,A5,A5,A5,A6,A5,A5,A5,A6,A6,A6,A6,A6,A6,A6,A5,A5,A5,A5,A5,A6,A6,A6,A6,A6,A6,A6,A6,A6,A6,A6
,phenotype,,,super,super,super,super,inv,inv,super,super,super,inv,inv,inv,super,inv,inv,inv,super,inv,inv,inv,super,inv,inv,super,inv,inv,super,super,inv,inv
,subclone,,,B1,B1,B1,B1,B2,B2,B2,A2,A2,A2,A2,A2,S4,S4,S4,A1,A1,A1,A1,S3,S3,S3,S3,S2,S2,S2,S2,S2,S1,S1