tumor,chr,position,gene,ka1MAF,ka4MAF,Ka5f12MAF,ka8MAF,ka10MAF,ka11MAF,ka6g1MAF,ka7g2MAF,ka26g9MAF,ka28g11MAF,ka25MAF,ka21MAF,ka22g6MAF,ka13MAF,ka12MAF,ka15MAF,ka17MAF,ka19MAF,ka14g3MAF,ka18g4MAF,ka30MAF,ka33MAF,ka36MAF,ka27g10MAF,ka29g12MAF,ka34h1MAF,ka20g5MAF,ka23g7MAF,ka24g8MAF
Kad,6,130761734,TMEM200A,0,0,0.00182,0,0,0,0.00618,0,0,0,0,0.0027,0,0,0.00418,0,0,0.01493,0.0019,0,0,0,0,0.00794,0.01005,0,0.00363,0.00552,0
Kad,12,48736982,ZNF641,0.00347,0.00056,0.00111,0.00336,0.00043,0.00093,0.00047,0.00089,0.00018,0.0019,0.00385,0.00057,0.00026,0.00458,0.00713,0.00098,0.00048,0.00048,0.00171,0.00038,0.00305,0.00952,0.0066,0.00371,0.00042,0.00276,0.00101,0.0004,0.00143
Kad,1,243493893,SDCCAG8,0.00088,0.00214,0.00231,0,0.00366,0.00098,0.00231,0.00174,0.00111,0.00096,0.00788,0.00072,0,0.0014,0.0021,0.00084,0.00174,0.00215,0.00411,0.00146,0.00062,0.00218,0.00219,0.00058,0,0.00252,0.00106,0.00388,0.00427
Kad,11,5989098,,0.00381,0.00463,0.00242,0.00332,0.00478,0.00317,0.00011,0.00248,0.00031,0.00066,0.00361,0.00346,0.00054,0.00556,0.00428,0.00472,0.00796,0.00343,0.00073,0.00058,0.00191,0.00144,0.00339,0.00258,0.00636,0.00084,0.0004,0.00023,0.00041
Kad,9,115038263,ROD1,0.00245,0.00339,0.00234,0.00171,0.00506,0.00148,0.0016,0.00082,0.0004,0.002,0.00696,0.00489,0.00159,0.00421,0.00222,0.00314,0.00389,0.00361,0.0039,0.00143,0.00736,0.0005,0.00795,0.00171,0.00356,0.00384,0.34475,0.34627,0.39129
Kad,2,182542671,NEUROD1,0,0,0,0,0.00948,0,0,0.00193,0,0,0.01724,0,0,0,0,0,0.00645,0.02963,0,0,0.34454,0.35032,0.38095,0.26519,0.40816,0.45759,0.29695,0.4069,0.45573
Kad,10,5957464,FBXO18,0,0,0,0,0.00448,0.00524,0.01282,0.00174,0,0,0.0125,0,0,0.01361,0,0.00629,0,0.03704,0,0,0.37748,0.39698,0.38251,0.35511,0.33853,0.4835,0.37992,0.27931,0.3524
Kad,14,88431966,GALC,0.00156,0.00407,0.0005,0.00203,0.00177,0.00021,0.00163,0.00063,0.00028,0.00079,0.00256,0.00059,0.00296,0.00139,0.00188,0.00103,0.00232,0.03376,0.00109,0.00127,0.41879,0.40688,0.42624,0.33102,0.40331,0.47119,0.36504,0.40149,0.38478
Kad,4,173232894,GALNTL6,0.00247,0.001,0.00114,0.00222,0.00418,0.00079,0.00208,0.00279,0.00044,0.0003,0.01421,0.00085,0.00089,0.002,0.00244,0.41118,0.4388,0.39315,0.35958,0.43722,0.41026,0.3903,0.4207,0.31431,0.41411,0.42658,0.36136,0.39204,0.38839
Kad,5,94865823,TTC37,0.00077,0.00065,0.00041,0.00089,0.00072,0.00018,0.00031,0.00093,0.00029,0.0004,0.02201,0.00053,0.00049,0.00179,0.00065,0.35889,0.38554,0.33576,0.37575,0.4002,0.36407,0.36537,0.40842,0.30173,0.3612,0.40099,0.33183,0.36122,0.36197
Kad,7,2472446,CHST12,0,0,0,,0,0,0,0,0.00488,0,0,0,0,0,0,0.20968,0.06897,0.15094,0.23574,0.27442,0.26087,0.22034,0.26531,0.17949,0.27922,0.39429,0.1519,0.17647,0.21053
Kad,7,28547272,CREB5,0,0,0.00599,0,0,0,0,0.00722,0,0.00455,0.04918,0.0027,0,0,0,0.21488,0.28431,0.23383,0.23988,0.28729,0.27132,0.26316,0.31915,0.24194,0.30151,0.35065,0.28437,0.32353,0.38629
Kad,7,142569487,TRPV6,0.0023,0.00549,0.00085,0,0,0,0,0,0,0.00573,0.0119,0,0,0.01471,0,0.23077,0.31163,0.26456,0.28383,0.26971,0.25926,0.18405,0.19573,0.16569,0.27464,0.27363,0.20661,0.22425,0.27848
Kad,8,67488411,MYBL1,0,0.00418,0.00138,0,0,0,0.00682,0.00092,0.00066,0.00105,0.00265,0.00338,0.00166,0,0.0008,0.38412,0.35564,0.37119,0.32018,0.38537,0.35262,0.39096,0.37995,0.29907,0.34217,0.36379,0.36286,0.36099,0.32147
Kad,5,148619355,ABLIM3,0.0123,0,0.0034,0.03571,0.03053,0.0198,0.01154,0,0.00538,0.00347,0.04412,0,0.00346,0.025,0.07692,0.4382,0.35714,0.37008,0.35769,0.44545,0.46575,0.36,0.40496,0.33508,0.28302,0.40161,0.45704,0.29204,0.34754
Kad,12,50754633,FAM186A,0.26106,0.2655,0.32429,0.00085,0.00274,0.00924,0.00345,0.00042,0.00104,0.00709,0.00253,0.00022,0.00445,0.00217,0.0025,0.00174,0.00329,0.00702,0.00064,0.00151,0.00339,0.00254,0.00804,0.00202,0.00166,0.00319,0.00232,0.00152,0.00206
Kad,5,93820565,KIAA0825,0.26563,0.25904,0.2528,0,0.0009,0.00178,0.00072,0,0,0.00141,0,0.00309,0.00101,0.0026,0.00119,0.00496,0,0,0.00146,0.0043,0.00184,0,0.00136,0.00247,0.00198,0.00134,0.00259,0,0.01002
Kad,19,15052783,OR7C2,0.21825,0.16509,0.28041,0.0122,0.01795,0.02439,0.00114,0.00132,0.00171,0,0.02083,0.01498,0,0.00485,0.01159,0.02688,0.01053,0.01091,0.00563,0.00151,0.02685,0.00909,0.01045,0,0.00255,0.00146,0,0,0
Kad,20,32369107,ZNF341,0.2011,0.20187,0.2055,0.00164,0.00082,0.0006,0.00161,0.00068,0.00067,0.0014,0.00089,0.00128,0.00065,0.0002,0.00039,0.00045,0.00089,0.00038,0.00059,0.00081,0.00062,0.00038,0.00073,0.00033,0.00028,0.00047,0.00142,0.00074,0.00088
Kad,9,117846547,TNC,0.21917,0.18938,0.22465,0.16667,0.00097,0.00341,0.00426,0.00045,0.00041,0.00059,0.00069,0.00166,0.0039,0.00096,0.00407,0.00196,0.00122,0.00116,0.00253,0.00102,0.00402,0.00291,0.00077,0.00031,0.00182,0.00041,0.00065,0.0003,0.00709
Kad,11,62371433,EML3,0.28198,0.25287,0.2829,0.28467,0.24564,0.15376,0.22837,0.22733,0.00106,0,0,0,0.00608,0.00331,0.00098,0.0019,0.00139,0,0.00046,0.00177,0.00114,0.00287,0.00259,0.00032,0.00241,0.00037,0.00038,0.00098,0.00015
Kad,1,110716715,SLC6A17,0.48246,0.44898,0.4714,0.45161,0.44961,0.18095,0.47156,0.49805,0,0,0,0,0,0.02469,0.0102,0.01031,0.04615,0.02381,0,0.00503,0,0.0274,0.01299,0,0,0,0,0,0.0107
Kad,3,10015366,TMEM111,0.28571,0.33333,0.25333,0.16667,0.20339,0.12195,0.30317,0.21341,0,0,0,0.00403,0,0.01389,0.01887,0,0,0.00758,0.00426,0,0.01429,0,0,0,0,0,0,0,0.01266
Kad,3,53804564,CACNA1D,0.37915,0.38889,0.30429,0.45854,0.49727,0.32934,0.38921,0.35455,0,0.00172,0,0.00074,0,0,0,0,0.00218,0,0.00117,0.00063,0,0,0.00342,0.0008,0,0,0.00255,0,0
Kad,4,125591644,ANKRD50,0.17308,0.12,0.25,0.13793,0.16854,0.14286,0.15894,0.1626,0,0,0,0,0,0,0,0,0,0,0,0.00641,0,0,0,0,0,0.00719,0,0,0
Kad,5,56181850,MAP3K1,0.2495,0.28866,0.21948,0.14414,0.19454,0.15686,0.23287,0.25995,0.00337,0.00336,0,0.00336,0.00288,0,0.00303,0,0.00635,0.00587,0.00196,0.00191,0.01399,0.01449,0.01031,0.00406,0,0.00249,0.00236,0,0.00245
Kad,6,76660584,IMPG1,0.17412,0.21861,0.21817,0.19534,0.16621,0.10552,0.2172,0.19801,0.00233,0.00271,0.00207,0.00233,0.00029,0.00257,0.00291,0.00127,0.00183,0.00355,0.00117,0.00047,0.00197,0.00106,0.0031,0.00331,0.00242,0,0.00036,0.00195,0.00032
Kad,10,75148164,ANXA7,0.46728,0.4902,0.38742,0.44928,0.49813,0.30068,0.4951,0.46104,0,0.00197,0,0.00066,0.00212,0,0.00176,0.00593,0,0.00307,0.0007,0,0,0,0,0.00134,0.00195,0,0.00122,0,0.00066
Kad,11,78600872,ODZ4,0.26485,0.26567,0.30956,0.28728,0.27398,0.1065,0.21994,0.26962,0,0.0013,0.00069,0.00155,0.00489,0.0021,0,0.00069,0.00275,0.00865,0.00022,0.00118,0.00148,0.0032,0.00069,0.0033,0.00206,0.00366,0.00393,0.00116,0.00125
Kad,2,233321937,ALPI,0.545816733,0.551724138,0.582278481,0.44248,0.46457,0.38835,0.509311741,0.556213018,0,0,0.02242,0.11111,0.30405,0.31618,0.47541,0.3935,0.37121,0.41667,0.35146,0.42424,0.31818,0.38605,0.40127,0.31132,0.3531,0.42897,0.375,0.32938,0.34601
Kad,3,16268895,GALNTL2,0.25277,0.28836,0.26455,0.28446,0.23459,0.30387,0.24048,0.29979,0.43358,0.37635,0.33343,0.41022,0.33138,0.37287,0.3744,0.38515,0.39696,0.38307,0.39441,0.40262,0.39672,0.40393,0.40838,0.31496,0.34285,0.40649,0.3391,0.30644,0.38295
Kad,5,112173656,APC,0.47788,0.666666667,0.643192488,0.3125,0.30075,0.590909091,0.46863,0.475,0.546666667,0.554347826,0.520833333,0.653284672,0.43983,0.42857,0.641618497,0.630434783,0.743589744,0.592592593,0.524752475,0.575949367,0.47917,0.617021277,0.658536585,0.42059,0.596385542,0.582822086,0.48301,0.49763,0.619596542
Kad,6,49421407,MUT,0.29261,0.28177,0.30325,0.17808,0.25294,0.31169,0.27679,0.28452,0.532173913,0.4135,0.44335,0.47342,0.28536,0.35433,0.40351,0.34074,0.42458,0.40157,0.44136,0.44136,0.41772,0.41111,0.44868,0.31915,0.3245,0.44211,0.3436,0.36667,0.38547
Kad,10,42653304,,0.19408,0.17839,0.1898,0.1885,0.17642,0.1709,0.19739,0.16611,0.15816,0.16131,0.14815,0.1663,0.17969,0.14821,0.19115,0.17805,0.18706,0.19277,0.18128,0.20414,0.18213,0.13805,0.15327,0.18485,0.16662,0.15847,0.16199,0.17501,0.17652
Kad,10,135440216,FRG2B,0.928654971,0.945754717,0.910440123,0.903743316,0.920203735,0.959745763,0.892045455,0.901319564,0.872865275,0.90166205,0.945378151,0.963239212,0.917122752,0.922807018,0.949324324,0.921985816,0.948051948,0.93974359,0.872812135,0.922639363,0.9569161,0.942434211,0.963151207,0.923179693,0.932572614,0.92239011,0.931961121,0.921252372,0.923877684
Kad,11,55038208,,0.4435,0.46517,0.3867,0.4845,0.46457,0.46559,0.45346,0.45707,0.37557,0.43099,0.35421,0.33016,0.2854,0.37127,0.40122,0.40907,0.45458,0.40203,0.40968,0.43063,0.39165,0.3922,0.39964,0.34018,0.38681,0.4529,0.37956,0.38612,0.35707
Kad,14,104501374,TDRD9,0.570652174,0.40476,0.55704698,0.39286,0.535353535,0.505050505,0.45333,0.47436,0.37241,0.32331,0.4375,0.45133,0.35593,0.37037,0.506849315,0.33871,0.2381,0.25743,0.34783,0.43452,0.46875,0.41667,0.38272,0.29545,0.35556,0.41048,0.30935,0.35644,0.46821
Kad,15,34117848,RYR3,0.13158,0.29412,0.26044,0.20588,0.23478,0.38889,0.225,0.19856,0.36918,0.28436,0.520833333,0.38243,0.33475,0.39456,0.352,0.36552,0.41509,0.37063,0.34557,0.4337,0.2,0.46875,0.44595,0.26149,0.34711,0.42792,0.3181,0.33607,0.26984
Kad,19,17769024,UNC13A,0.550247117,0.526873857,0.43442,0.44696,0.4756,0.44436,0.518798345,0.563429664,0.47394,0.35632,0.30986,0.32368,0.25983,0.34361,0.36286,0.37495,0.38863,0.36619,0.38375,0.38092,0.40655,0.37336,0.37816,0.31426,0.33895,0.41046,0.32451,0.32934,0.33164
Kad,19,56934487,ZNF583,0.23984,0.21596,0.26585,0.18863,0.20203,0.32215,0.20739,0.22278,0.31327,0.39211,0.33605,0.35287,0.25196,0.31737,0.34426,0.3468,0.39335,0.35392,0.36268,0.38692,0.32438,0.39767,0.35594,0.28657,0.30923,0.37828,0.32491,0.32108,0.31464
Kad,21,41710104,DSCAM,0.31181,0.34031,0.40385,0.34195,0.35644,0.36364,0.32617,0.40194,0.31803,0.2907,0.31579,0.2913,0.26206,0.29333,0.33772,0.32137,0.32565,0.34775,0.32671,0.40679,0.30412,0.29469,0.34307,0.27537,0.36782,0.36749,0.29056,0.29125,0.3411
,,,,,,,,,,,,,,,,,,,,,,,,,,,,,,,,
,spot,,,1,4,5,8,10,11,6,7,26,28,25,21,22,13,12,15,17,19,14,18,30,33,36,27,29,34,20,23,24
,surf date,,,8/9/18,8/9/18,8/9/18,8/9/18,8/9/18,8/9/18,8/9/18,8/9/18,8/9/18,8/9/18,8/9/18,8/9/18,8/9/18,8/9/18,8/9/18,8/9/18,8/9/18,8/9/18,8/9/18,8/9/18,8/9/18,8/9/18,8/9/18,8/9/18,8/9/18,8/9/18,8/9/18,8/9/18,8/9/18
,slide,,,A22,A22,A22,A22,A22,A22,A22,A22,A21,A21,A21,A22,A22,A22,A22,A22,A22,A22,A22,A22,A21,A21,A21,A21,A21,A21,A22,A22,A22
,phenotype,,,ad,ad,ad,ad,ad,ad,ad,ad,ad,ad,ad,ad,ad,ad,ad,ad,ad,ad,ad,ad,ad,ad,ad,ad,ad,ad,ad,ad,ad
,subclone,,,a2&a4,a2&a4,a2&a4,a3,S3,S3,S3,S3,S1,S1,S1,S2,S2,S2,S2,S4,S4,S4,S4,S4,S5,S5,S5,S5,S5,S5,S6,S6,S6