tumor,chr,position,gene,kn1MAF,kn3MAF,kn4MAF,kn5MAF,kn6MAF,kn11MAF,Kn2f9MAF,kn10MAF,kn12MAF,kn14MAF,kn15MAF,Kn9f10MAF,Kn13f11MAF,kn7MAF,kn8MAF
Knew,4,949558,TMEM175,0,0,0,0,0,0,0,0.01038,0,0,0,0,0,0.01075,0.01493
Knew,10,21808316,,0.00066,0.00072,0.00057,0.00062,0.00071,0.00041,0.00036,0.00116,0.00045,0.00058,0.00076,0.00057,0.0011,0.00044,0.00086
Knew,12,1996209,CACNA2D4,0.00071,0.00188,0,0.00243,0.00068,0.00599,0.00052,0.0004,0.00049,0.00041,0.00051,0.00049,0.0025,0.00058,0.00304
Knew,13,47316898,,0.00086,0.00245,0.00328,0.00195,0.00126,0.00138,0.00092,0.00071,0.00204,0.0005,0.0015,0.00191,0.00142,0,0.00054
Knew,17,39118505,KRT39,0.00199,0.00129,0.00375,0.00153,0.0009,0.00111,0.00041,0.00172,0.00034,0.00399,0.00441,0.00054,0.00365,0,0.00431
Knew,17,40039437,ACLY,0.00755,0.00346,0.00586,0.00776,0.00563,0.00274,0.00137,0.00276,0.00255,0.0017,0.00447,0,0,0.00415,0.00802
Knew,2,179640948,TTN,0.00186,0.00154,0.00147,0.00115,0.00234,0.0049,0,0.00074,0.0011,0.00108,0.00135,0,0.00301,0,0
Knew,6,135238567,,0.00032,0.00059,0.00083,0.00124,0.00022,0.00035,0.0003,0.00031,0.00048,0.00054,0.00036,0.00029,0.00024,0.0008,0.00055
Knew,8,54141836,,0.00462,0.00324,0.00745,0.00163,0.00321,0.00233,0.00438,0.00486,0.00135,0.00502,0.00121,0.0025,0,0,0.00561
Knew,8,142500352,FLJ43860,0,0,0,0,0.01429,0,0,0,0,0.00893,0,0,0,0,0.01695
Knew,10,26414389,MYO3A,0.00572,0.00304,0.00986,0.00774,0.00604,0.0086,0.00077,0.0036,0.00437,0.00485,0.00483,0.00576,0.00039,0.00154,0.00722
Knew,11,55135851,OR4A15,0.00343,0.00146,0.00192,0.00091,0.00505,0.00046,0.00034,0.00223,0.00273,0.00417,0.00028,0.00313,0.00026,0.00099,0.00306
Knew,13,103399833,C13orf40,0.00139,0.00212,0.00132,0.00198,0.00055,0.00221,0.0037,0.00041,0.00877,0.0027,0.00147,0.00203,0.0008,0.00285,0.00216
Knew,14,56249578,,0.00058,0.00222,0,0.00054,0.00178,0.008,0.00038,0.0012,0,0.00254,0,0,0.00486,0,0.00506
Knew,16,50821713,CYLD,0.00187,0.00107,0.00124,0.00294,0.00057,0.00247,0,0,0.01087,0.00234,0.00245,0,0.0006,0,0.00158
Knew,21,28210497,ADAMTS1,0,0.00703,0,0.00111,0.0031,0.00322,0,0.0031,0.01028,0,0.00118,0.00796,0.00072,0,0.00128
Knew,8,51664564,SNTG1,0,0.00411,0,0.00246,0,0,0.00038,0.44372,0.45833,0.3056,0.35849,0.36624,0.49409,0,0
Knew,10,21072377,,0.00218,0,0.00085,0.00134,0.00295,0.00154,0.00112,0.44945,0.4359,0.41334,0.46406,0.48295,0.46524,0.03912,0.00574
Knew,17,38784949,,0.00088,0,0,0.00115,0,0,0,0.44327,0.47406,0.41042,0.44327,0.38588,0.4963,0.09146,0.00372
Knew,3,5215727,ARL8B,0.37037,0.43039,0.33954,0.47579,0.3377,0.42138,0.38276,0.00159,0.00797,0.00095,0.00034,0.00051,0.00278,0.06991,0.00063
Knew,4,104062142,CENPE,0.35658,0.44601,0.3764,0.42143,0.34749,0.39129,0.34541,0,0.00269,0.00389,0.00036,0.0004,0,0.07134,0
Knew,5,36671293,SLC1A3,0.35654,0.39369,0.41386,0.4493,0.39064,0.41602,0.35652,0.00059,0,0,0.00078,0.00028,0,0.08045,0.0013
Knew,1,11561453,PTCHD2,0.48077,0.48611,0.4359,0.44545,0.36196,0.46316,0.34667,0.47134,0.4709,0.49398,0.41897,0.46154,0.45122,0.36486,0.43038
Knew,1,27057685,ARID1A,0.38517,0.47267,0.31645,0.41431,0.3118,0.48387,0.34652,0.46941,0.40413,0.39579,0.45606,0.42435,0.45541,0.35411,0.42186
Knew,1,102462344,OLFM3,0.31125,0.36813,0.32886,0.39439,0.31063,0.33348,0.33657,0.41645,0.45693,0.35397,0.40286,0.4256,0.42456,0.29493,0.4025
Knew,1,155141923,KRTCAP2,0.37306,0.41088,0.3338,0.40539,0.31682,0.4938,0.31752,0.47202,0.48612,0.43369,0.49468,0.48853,0.48532,0.36788,0.4652
Knew,1,158592859,SPTA1,0.41449,0.49127,0.3438,0.45008,0.34203,0.44301,0.38629,0.46182,0.41053,0.42353,0.46106,0.42759,0.48512,0.39058,0.42692
Knew,2,204354577,RAPH1,0.35662,0.44155,0.3674,0.46504,0.31272,0.41119,0.36084,0.35923,0.33363,0.30024,0.41378,0.41607,0.29845,0.39166,0.45447
Knew,2,210570448,MAP2,0.4359,0.36628,0.34483,0.2616,0.33033,0.37445,0.36194,0.32714,0.49057,0.25592,0.33007,0.47018,0.336,0.31034,0.47368
Knew,2,239038981,ESPNL,0.375,0.48148,0.46667,0.44444,0.2906,0.45679,0.40385,0.32622,0.37021,0.31724,0.42174,0.42466,0.25843,0.375,0.48077
Knew,3,130174391,COL6A5,0.33061,0.40585,0.33773,0.41168,0.31108,0.37144,0.3412,0.43417,0.43276,0.42599,0.46603,0.45047,0.46874,0.38565,0.40312
Knew,4,42895636,GRXCR1,0.35362,0.4152,0.35576,0.40924,0.32651,0.37595,0.38623,0.45236,0.3882,0.41491,0.4325,0.45223,0.41348,0.27482,0.39438
Knew,4,68925165,TMPRSS11F,0.39465,0.45556,0.40694,0.41914,0.35302,0.49562,0.44118,0.43429,0.49638,0.44932,0.48246,0.47945,0.46939,0.33766,0.48529
Knew,4,76407420,,0.39235,0.43846,0.36703,0.4334,0.41377,0.43124,0.36188,0.4888,0.41173,0.45576,0.49713,0.48899,0.48909,0.38447,0.45955
Knew,4,109681017,AGXT2L1,0.41948,0.49306,0.3683,0.48048,0.35106,0.45882,0.33276,0.49351,0.44681,0.41818,0.48973,0.48885,0.47464,0.35843,0.33955
Knew,5,38506128,LIFR,0.38166,0.43601,0.32076,0.3949,0.3572,0.42371,0.34022,0.45323,0.39895,0.35552,0.42834,0.41667,0.43598,0.33068,0.3993
Knew,7,70255441,AUTS2,0.38526,0.43464,0.30321,0.42732,0.3474,0.41808,0.37838,0.46787,0.35668,0.42204,0.49586,0.49019,0.40207,0.40233,0.42409
Knew,7,91870356,KRIT1,0.35513,0.4318,0.41919,0.41453,0.3412,0.49169,0.31271,0.49336,0.47044,0.43201,0.44265,0.48872,0.49568,0.29638,0.41734
Knew,8,89128890,MMP16,0.36874,0.40578,0.32516,0.41471,0.31444,0.29544,0.34706,0.49179,0.39536,0.26039,0.40391,0.41815,0.36485,0.34141,0.42028
Knew,10,27702568,PTCHD3,0.45163,0.48251,0.37924,0.49218,0.40407,0.4695,0.39651,0.46326,0.45003,0.49147,0.49858,0.49568,0.48705,0.4027,0.46973
Knew,11,95568134,,0.38927,0.41549,0.37399,0.4146,0.35483,0.41655,0.3069,0.43263,0.43284,0.45405,0.41148,0.42212,0.43462,0.34573,0.39363
Knew,12,33538136,SYT10,0.31961,0.34627,0.23993,0.35777,0.29141,0.32318,0.29183,0.37496,0.40657,0.32228,0.36525,0.41853,0.43967,0.31013,0.35316
Knew,12,62783391,USP15,0.36725,0.38255,0.32611,0.3843,0.31289,0.42264,0.3517,0.43045,0.48271,0.38243,0.38616,0.42022,0.46181,0.32542,0.39953
Knew,12,131616324,GPR133,0.39344,0.38136,0.36471,0.46288,0.30303,0.4586,0.28144,0.43571,0.4115,0.3865,0.47368,0.48864,0.4902,0.32813,0.48454
Knew,14,45645774,FANCM,0.39374,0.43993,0.38498,0.46506,0.35198,0.22689,0.39197,0.09006,0.18623,0.29323,0.19794,0.1362,0.08846,0.37734,0.46705
Knew,15,66615879,DIS3L,0.39912,0.41159,0.36283,0.43453,0.33825,0.42663,0.34121,0.38868,0.46423,0.37679,0.46775,0.49285,0.43757,0.38649,0.42276
Knew,16,81076008,ATMIN,0.42623,0.44615,0.30986,0.46988,0.34545,0.49302,0.37209,0.4467,0.42609,0.44444,0.47647,0.36041,0.36,0.29825,0.38017
Knew,17,7574003,TP53,0.774193548,0.90625,0.897435897,0.897435897,0.972222222,1,0.85,1,0.985185185,0.924528302,1,0.98019802,1,0.96,0.888888889
Knew,19,16942338,SIN3B,0.35065,0.46774,0.31579,0.4375,0.33913,0.43011,0.30435,0.4717,0.44444,0.37705,0.37895,0.5,0.45455,0.31429,0.41509
Knew,19,37100905,ZNF382,0.39034,0.43137,0.34283,0.41015,0.32625,0.36827,0.31818,0.43172,0.43529,0.36409,0.42458,0.44741,0.48267,0.32121,0.44318
Knew,19,48035399,ZNF541,0.39381,0.44946,0.38608,0.47326,0.32521,0.46867,0.32378,0.47017,0.47388,0.38669,0.47059,0.40852,0.46724,0.40274,0.44962
Knew,19,55450494,NLRP7,0.47059,0.45263,0.28571,0.38068,0.28571,0.48905,0.30827,0.44622,0.34579,0.45,0.46364,0.30137,0.47059,0.30303,0.49254
Knew,19,56303800,NLRP11,0.33287,0.39327,0.32887,0.44341,0.32133,0.39796,0.34148,0.43503,0.44664,0.35219,0.39682,0.44624,0.46443,0.34202,0.40667
Knew,19,57733890,,0.35135,0.17333,0.38202,0.26214,0.48201,0.34742,0.43925,0.21622,0.27586,0.29126,0.22807,0.24084,0.22481,0.36842,0.32609
Knew,20,43933243,MATN4,0.28788,0.22826,0.32773,0.16564,0.28571,0.18878,0.34783,0.25128,0.38776,0.29167,0.0916,0.23453,0.21264,0.33333,0.25641
Knew,21,30698585,BACH1,0.42453,0.39815,0.2551,0.34,0.37186,0.46711,0.29878,0.42857,0.49533,0.36634,0.43452,0.37654,0.39645,0.3012,0.41414
Knew,21,47542030,COL6A2,0.44444,0.47727,0.32353,0.42857,0.40625,0.2973,0.35211,0.49545,0.37037,0.30159,0.41872,0.40625,0.35556,0.30952,0.33333
Knew,22,39216256,,0.37433,0.40281,0.30505,0.44456,0.30667,0.39767,0.34632,0.46321,0.44137,0.49777,0.44962,0.41353,0.47032,0.40089,0.41786
,,,,,,,,,,,,,,,,,,
,spot,,,1,3,4,5,6,11,2,10,12,14,15,9,13,7,8
,surf date,,,7/30/18,7/30/18,7/30/18,7/30/18,7/30/18,7/30/18,7/30/18,7/30/18,7/30/18,7/30/18,7/30/18,7/30/18,7/30/18,7/30/18,7/30/18
,slide,,,A7,A7,A7,A7,A7,A7,A7,A7,A7,A7,A7,A7,A7,A7,A7
,phenotype,,,super,super,super,invasive,super,super,super,invasive,invasive,invasive,invasive,invasive,invasive,invasive,super
,subclone,,,A3,A3,A3,A3,A3,A3,A3,B1,B1,B1,B1,B1,B1,S1,S1