tumor,chr,position,gene,J10_6OKmaf,J14_8OKmaf,J15_9OKmaf,J24_13OKmaf,J27_14OKmaf,J31_15OKmaf,J16_10OKmaf,J19_11OKmaf,J22_12OKmaf,J13_7OKmaf,J9_5OKmaf,J5_4OKmaf,J4_3OKmaf,J2_2OKmaf,J1_1OKmaf,J3_2OKmaf,J7_3OKmaf,J11_5OKmaf,J18_6OKmaf,J20_7OKmaf,J23_9OKmaf,J30_12OKmaf,JM1X2OKmaf,JM2X2OKmaf,JM4X2OKmaf,JM5X2OKmaf,JM6x2OKmaf
J,3,158310243,MLF1,0.004907975,0,0,0,0,0,0,0,0,0,0.002472188,0,0,0,0.003016591,0,0,0,0,0,0.00811359,0,0.00131406,0,0.003329634,0,0.004329004
J,4,20487863,SLIT2,0.000327332,0.00038956,0.000643294,0,0,0,0,0,0.000884173,0.000396825,0,0,0,0,0,0,0,0,0,0,0,0,0,0,0,0,0
J,7,42957229,PSMA2,0.001609442,0.003367003,0,0,0,0,0,0.000738552,0.001242236,0.001509434,0,0.000697837,0.002710027,0,0.000821693,0,0,0,0,0.002805049,0.001204819,0,0.001398113,0.001711157,0.001445783,0.002103049,0
J,7,82583201,PCLO,0,0,0,0,0,0,0.000578369,0,0,0,0.000513611,0,0,0,0,0.000465116,0,0,0,0,5.39811E-05,0,0,0,0,0,0
J,20,3329229,C20orf194,0,0,0,0.002427184,0,0,0,0,0,0,0,0,0,0,0,0,0,0,0,0,0,0,0,0,0,0,0
J,9,100418027,NCBP1,0,0,0,0,0,0,0,0.002403846,0,0,0,0,0,0,0,0,0,0,0,0.037288136,0.000771605,0,0,0,0,0,0
J,2,50765463,NRXN1,0,0,0.001754386,0.004098361,0,0,0,0,0.004329004,0,0.001779359,0,0,0,0,0,0,0,0,0.000867679,0.000108542,0,0,0,0,0,0
J,2,39050326,DHX57,0.001213887,0.0015,0.000445137,0,0,0.000634115,0.003916842,0.000682361,0.001733102,0.001899696,0.00154464,0.004011461,0.002986189,0,0.002167183,0.004966571,0,0,0,0.001386482,0.000917885,0.002949853,0.002621477,0.001759531,0.000481232,0.00133934,0.001513623
J,1,111146839,KCNA2,0.000191351,0.001571709,0.000429185,0.000326052,0,0.004036327,0.000860338,0.004095004,0.001390821,0.000729395,0.000877963,0.001414094,0.000825764,0.024128214,0.003766105,0.000510204,0.003067485,0,0,0.001003177,0.000568707,0,0.001671775,0.000496032,0.000826219,0.001602564,0.00104015
J,4,55595504,KIT,0,0,0,0,0,0,0,0,0,0,0,0,0,0,0,0,0,0,0,0,0,0,0,0,0,0,0
J,14,30068296,PRKD1,0,0,0.001610306,0.002793296,0,0,0,0,0,0,0,0,0,0.004716981,0.00104712,0,0,0,0,0,0.001949318,0,0,0.000823723,0.000928505,0,0
J,2,46985998,SOCS5,0.265253491,0.430517024,0.325411668,0.361821986,0.313706306,0.303471095,0.290854399,0.236573871,0.337149473,0.434677419,0.439321869,0.313905392,0.255622813,0.186993725,0.387817209,0.399633974,0.303619773,0.442570393,0.288789709,0.259134499,0.271361587,0.294920394,0.169021993,0.249367133,0.247209784,0.271942631,0.283309396
J,2,168103368,XIRP2,0.379202989,0.453543307,0.47427766,0.424791086,0.435129741,0.44527897,0.475209764,0.426144756,0.36977058,0.479591837,0.442661633,0.531926121,0.431007752,0.320422535,0.458663647,0.519473396,0.452583388,0.460103872,0.397005988,0.58469606,0.549982599,0.516690856,0.239405204,0.362669817,0.422299249,0.412738854,0.432163743
J,3,129195315,IFT122,0.364548495,0.470769231,0.469273743,0.513422819,0.481707317,0.538834951,0.417445483,0.527322404,0.414728682,0.474926254,0.630718954,0.400560224,0.346534653,0.428125,0.489417989,0.42408377,0.432748538,0.582352941,0.326530612,0.432126697,0.421404682,0.383838384,0.30620155,0.36565097,0.363905325,0.417582418,0.373860182
J,3,143292965,SLC9A9,0.391304348,0.443354148,0.478232619,0.540590406,0.440944882,0.410550459,0.393004115,0.380561259,0.341463415,0.441021127,0.223390276,0.317599461,0.373831776,0.053521127,0.348797251,0.390192274,0.422625698,0.378744969,0.293923382,0.402723418,0.513728302,0.431114276,0.265306122,0.344494892,0.359341826,0.430900621,0.38828125
J,4,123225977,KIAA1109,0.400609104,0.449634215,0.450291656,0.535466218,0.48182133,0.473232771,0.454865182,0.474182044,0.437748509,0.615470228,0.763938316,0.354674664,0.359318534,0.009921938,0.400796284,0.458761528,0.417931034,0.614164905,0.351351351,0.48683565,0.43555846,0.49859944,0.233101508,0.375130449,0.402700908,0.443578503,0.44245098
J,5,140207965,PCDHA6,0.201537839,0.189043556,0.221052632,0.210846707,0.194852941,0.194949495,0.200311365,0.225435985,0.21149317,0.196285141,0.24,0.183618844,0.238830219,0.163265306,0.190076135,0.2625,0.238095238,0.285245902,0.173913043,0.299651568,0.271343639,0.258064516,0.200548765,0.203360371,0.227057711,0.235234216,0.227117874
J,11,55735556,OR10AG1,0.552147239,0.603773585,0.920454545,0.480392157,0.671428571,0.527272727,0.858585859,0.831168831,0.515789474,0.793103448,0.574380165,0.413407821,0.432432432,0.24822695,0.440740741,0.507751938,0.583333333,0.67251462,0.485714286,0.719745223,0.52776699,0.666666667,0.335526316,0.450292398,0.391566265,0.535911602,0.50955414
J,11,113669976,USP28,0.246753247,0.492537313,0.45631068,0.492537313,0.636363636,0.457142857,0.313253012,0.416666667,0.318181818,0.62295082,0.577319588,0.306306306,0.382352941,0.0625,0.407407407,0.346153846,0.597560976,0.5,0.235294118,0.382789318,0.473130841,0.432835821,0.202898551,0.324324324,0.485714286,0.381578947,0.418181818
J,12,25398281,KRAS,0.759707372,0.92804304,0.948540475,0.982608696,0.986782133,0.964202696,0.942918302,0.896293027,0.926070039,0.977498918,0.932828449,0.746995016,0.863866763,0.650684932,0.792425557,0.871514174,0.840392879,0.937391304,0.784399649,0.958129684,0.985720597,0.958086785,0.585408022,0.721399177,0.786320755,0.860772896,0.83125
J,19,34832587,KIAA0355,0.306497987,0.317133039,0.374273007,0.331457513,0.343283582,0.262337662,0.275794621,0.259295984,0.347641759,0.269898265,0.222057369,0.262014787,0.280701754,0.135948905,0.296798493,0.361165743,0.271731191,0.291001451,0.266055046,0.401867378,0.328032032,0.339669421,0.198799199,0.296281952,0.280844156,0.261078484,0.286761535
J,19,55449446,NLRP7,0.572333333,0.649033893,0.619199607,0.671864847,0.672623302,0.621406457,0.655513468,0.608646446,0.603209987,0.604810997,0.564654314,0.457350565,0.558921438,0.4277172,0.569060773,0.569746377,0.58302583,0.514792899,0.564102564,0.595758355,0.664197857,0.708708709,0.352968106,0.560700099,0.570691025,0.583168036,0.573004076
J,20,3614976,ATRN,0.176400477,0.113974232,0.246441281,0.204204204,0.213636364,0.244131455,0.210220674,0.147776184,0.205206738,0.308823529,0.296052632,0.135245902,0.166386555,0.188311688,0.227387569,0.207014542,0.198529412,0.316017316,0.088888889,0.163962425,0.206035852,0.262135922,0.122977346,0.155241935,0.197309417,0.234251969,0.175070028
J,2,137814385,THSD7B,0.416666667,0.436619718,0.5,0.42,0.5,0.482758621,0.547368421,0.47761194,0.695652174,0.505263158,0.404411765,0.391891892,0.486486486,0.072727273,0.34375,0.504310345,0.449152542,0.513661202,0.294117647,0.604651163,0.470821231,0.571428571,0.260869565,0.276923077,0.416666667,0.659090909,0.465116279
J,3,184093761,THPO,0.536170213,0.6,0.618556701,0.66539924,0.5859375,0.686956522,0.505300353,0.632727273,0.634517766,0.673378076,0.775342466,0.490566038,0.598214286,0.358695652,0.599388379,0.552325581,0.552631579,0.672268908,0.757575758,0.468682505,0.635842294,0.747826087,0.386189258,0.53271028,0.54516129,0.636363636,0.55952381
J,3,195791188,TFRC,0.204610951,0.323481117,0.316526611,0.320754717,0.355555556,0.342857143,0.194756554,0.233009709,0.28189911,0.295109612,0.161151079,0.214828897,0.313471503,0.256055363,0.246732026,0.323759791,0.137614679,0.152380952,0.108695652,0.211309524,0.318447038,0.24,0.174165457,0.241706161,0.243697479,0.230107527,0.285365854
J,11,86123566,CCDC81,0.398406375,0.496,0.508143322,0.444444444,0.43373494,0.534246575,0.441860465,0.427860697,0.441717791,0.615916955,0.572178478,0.338403042,0.496774194,0.237704918,0.4,0.38125,0.407894737,0.525641026,0.37037037,0.459349593,0.45383001,0.574468085,0.224806202,0.414322251,0.420903955,0.486111111,0.454849498
J,1,237796903,RYR2,0.305732484,0.411764706,0.460629921,0.5,0.5,0.565789474,0.410628019,0.481283422,0.463157895,0.616470588,0.623015873,0.196850394,0.35862069,0.345679012,0.442477876,0.403041825,0.4,0.643243243,0.459016393,0.486394558,0.559452055,0.52173913,0.261146497,0.41580756,0.393939394,0.428571429,0.423611111
,,,,,,,,,,,,,,,,,,,,,,,,,,,,,,
,spot,,,10,14,15,24,27,31,16,19,22,13,9,5,4,2,1,3,7,11,18,20,23,30,1,2,4,5,6
,surf date,,,5/31/18,5/31/18,5/31/18,5/31/18,5/31/18,5/31/18,5/31/18,5/31/18,5/31/18,5/31/18,5/31/18,5/31/18,5/31/18,5/31/18,5/31/18,5/31/18,5/31/18,5/31/18,5/31/18,5/31/18,5/31/18,5/31/18,7/2/18,7/2/18,7/2/18,7/2/18,7/2/18
,slide,,,B8,B6,B6,B6,B6,B6,B6,B6,B6,B8,B8,B8,B8,B8,B8,B8,B8,B8,B6,B6,B6,B6,B17,B12,B12,B12,B12
,phenotype,,,inv,super,inv,inv,inv,inv,inv,inv,inv,inv,inv,inv,super,inv,super,super,super,super,super,inv,inv,inv,LN met,LN met,LN met,LN met,LN met
,subclone,,,N1,N1,N1,N1,N1,N1,N1,N1,N1,N1,N1,N1,N1,N1,N1,N1,N1,N1,N1,N1,N1,N1,N1,N1,N1,N1,N1