tumor ,chr,position,gene,E1OKmaf,E17OKmaf,E20OKmaf,E31OKmaf,E21_h7OKmaf,E28_h10OKmaf,E30_h11OKmaf,E19_2OKmaf,E27_4OKmaf,E4OKmaf,E3OKmaf,E15OKmaf,E13OKmaf,E8OKmaf,E9OKmaf,E10OKmaf,E11OKmaf,E16OKmaf,E22OKmaf,E5-h2OKmaf,E6OKmaf,E12_h4OKmaf,E14_h5OKmaf,E26OKmaf,E23OKmaf,E29OKmaf,E25_h8OKmaf
E,chr18,31323183,ASXL3-c-2,0.031451978,0.031890433,0.016419492,0.015062213,0.000292654,0.000637146,0.000870701,0.000390098,0.000199267,0.022807018,0.014136905,0.019557823,0.020225368,0.037139942,0.018560435,0.011452682,0.02121539,0.032301587,0.016879562,0.000429615,0.004503152,0.003168917,0.006048597,0.006125272,0.017043203,0.020631068,0.002156205
E,chr1,981387,AGRN-a-2,0.000390081,0.000356633,0.002932551,0.002475248,0.00556483,0,0.000407332,0.000361637,0.000655022,0,0,0,0,0.001904262,0,0,0.004854369,0.000493932,0,0,0,0.000149009,0.001858928,0.000381971,0.00212766,0,0
E,chr1,185964143,HMCN1-c-2,0,0,0,0,0,0,0,0,0,0,0,0,0,0,0,0,0,0,0,0,0,0,0,0,0,0,0
E,chr1,186062373,HMCN1-g-2,0,0,0,0,0,0,0,0,0,0,0,0,0,0,0,0,0,0,0,0,0.00203252,0,0,0,0,0,0
E,chr3,121217370,POLQ-c-2,2.98E-05,0,0,3.48E-05,2.93E-05,2.77E-05,4.89E-05,7.55E-05,6.24E-05,5.14E-05,0.000119262,1.22E-05,5.53E-05,3.38E-05,2.99E-05,0.000112061,4.17E-05,1.90E-05,4.26E-05,4.47E-05,7.78E-06,6.94E-06,2.19E-05,3.52E-05,7.53E-05,2.34E-05,4.65E-05
E,chr5,41149392,C6-a-2,0,0,0,0,0,0.035294118,0,0,0,0,0,0,0,0,0,0,0,0,0,0,0,0,0,0,0,0,0
E,chr7,140453182,BRAF-a-2,0,0,0,0,0,0,0,0,0.000510986,0,0,0,0,0,0,0,0,0,0,0,0,0,0,0,0,0,0
E,chr10,16878338,CUBN-ab-2,0,0,0,0,0.005934718,0.002607562,0,0,0.002247191,0.004524887,0,0,0,0.003629764,0,0,0,0,0,0.00922722,0.00736377,0.00498132,0.005555556,0,0,0,0.009456265
E,chr10,70333314,TET1-a-2,0,0,0,0,0,0,0,8.19E-05,0.000141807,0,0,0,0,0.000146316,0,0,0,0,0,0,0,0,0,0,0,0,0
E,chr10,70406323,TET1-c-2,0.000300684,0,0,0.000490196,0,0.000765345,0.00074638,0.000751883,0.001017048,0.000574163,0.001530612,0.000749625,0.000785546,0.00054029,0,0.00130039,0,0,0,0.000342231,0.000444247,0,0.000691221,0.000860956,0.001003009,0.001019368,0.00073408
E,chr12,18852748,PLCZ1-ab-2,0.001058761,0.004769475,0.005181347,0,0.00952381,0,0.005565863,0.000452899,0,0,0.01183432,0,0.004357298,0.00203252,0,0,0,0.00624025,0,0.014253563,0.002469136,0.00166251,0,0.013798112,0.004926108,0,0.026168224
E,chr14,23863388,MYH6-b-2,0,0,0,0,0.004662005,0,0,0,0,0,0,0,0,0.013367282,0,0,0,0,0,0,0,0.002989537,0,0,0.033057851,0,0
E,chr14,45620602,FANCM-b-2,0,0,0,0,0,0.001890359,0,0,0,0,0,0,0,0,0,0,0,0,0,0.004576659,0,0,0,0,0,0,0
E,chr17,10222296,MYH13-b-2,0.000288143,0,0,0,0,0,0,0,0.000331345,0,0,0,0,0,0,0,0,0,0,0,0,0,0,0,0,0,0
E,chr2,166032830,SCN3A-de-1,0.000596036,0,0,0,0,0,0,0.00028169,0.002110397,0,0,0.004081633,0.006802721,0.001815294,0.004201681,0,0.013084112,0.004660289,0,0.000621891,0.002300613,0.00132714,0,0.00155642,0,0.0125,0.00102145
E,chr3,121208381,POLQ-b-1,0,0,0,0,0,0,0,0.000394089,0.000434594,0,0,0,0,0,0,0,0,0,0,0,0,0,0.003389831,0.002257336,0,0,0
E,chr10,101591417,ABCC2-b-1,0.000546797,0.008549356,0.000593824,0.004770017,0.005639814,0.000635324,0.000541419,0,0,0.009609949,0.002762431,0.00042252,0,0.003349341,0.001128872,0.001276487,0.007800312,0.001274837,0.000332336,0.008539888,0.008472992,0.00387425,0.005519408,0.014908516,0.004552076,0.00245952,0.004322942
E,chr14,45645476,FANCM-d-1,0.013413413,0.010159652,0.005571031,0.018276762,0,0,0,0.001218305,0.000609292,0.014568158,0.010183299,0.015341702,0.01371308,0.012826183,0.010309278,0.00619195,0.014684288,0.01979346,0.016641452,0,0.003188776,0.002987304,0,0,0.015228426,0.017910448,0.001970443
E,chr17,10415800,MYH1-b-1,0.022573363,0,0,0.017467249,0,0,0,0,0,0.009302326,0,0,0,0,0,0,0.010989011,0.011627907,0,0.018209408,0,0.002656042,0.003898635,0,0,0,0.008333333
E,chr17,40481586,STAT3-1,2.36E-05,4.67E-05,0,6.72E-05,9.12E-05,2.55E-05,7.31E-05,0.000275605,0.000252616,6.77E-05,8.37E-05,0,4.22E-05,2.18E-05,7.64E-05,0,5.07E-05,3.42E-05,0,0,4.10E-05,1.84E-05,4.90E-05,2.47E-05,0.000114151,1.95E-05,4.25E-05
E,chr2,177054585,HOXD1-ab-2,0.003780718,0.008298755,0,0,0.005376344,0,0.024539877,0,0.00115942,0.109375,0,0,0.050505051,0.008998875,0,0.027027027,0.011235955,0.008097166,0,0.037878788,0.008403361,0,0,0.010526316,0,0,0
E,chr12,133226296,POLE-2,0.147722849,0.26963141,0.256360078,0.191780822,0.210847976,0.352090316,0.162150809,0.45330932,0.367333285,0.04,0,0,0,0,0,0,0,0,0,0.000354988,0,0,0,0,0,0,0.000260213
E,chr1,92195489,TGFBR3-2,0.116757284,0.298445596,0.360310421,0.407370518,0.256417955,0.349635939,0.287744743,0.391637342,0.25708347,0.159909271,0.001822323,0.000278707,0.000915751,0.001326344,0.000631512,0.008364312,0.001292407,0.007717751,0.000944882,0.000167701,0.00367593,0.001864454,0.000152005,0.000705467,0.000356125,0.00088574,0.00130833
E,chr1,117086999,CD58-b-2,0.170154686,0.394514768,0.34,0.172248804,0.278629396,0.35112782,0.290135397,0.401468097,0.373770492,0.139837398,0,0,0,0,0,0,0,0,0,0.00076864,0,0,0,0,0,0,0
E,chr1,156641842,NES-ab-2,0.127721335,0.350993377,0.368421053,0.488584475,0.265374895,0.418712674,0.331702012,0.47299978,0.309229769,0.161321672,0.015209125,0.013559322,0.002109705,0.016415869,0.010050251,0.011029412,0.012320329,0.012594458,0.005586592,0.010289389,0,0,0,0.007900208,0.010909091,0.00511509,0.001101322
E,chr1,156642253,NES-c-2,0.093475682,0.364967462,0.381697982,0.326268465,0.294141787,0.442364036,0.367934653,0.321868548,0.398365752,0.247963958,0.002653693,0.002599244,0.022808119,0.003788805,0.003095975,0.004344678,0.003244997,0.00064041,0.002761886,0.015416088,0.002768504,0.004396525,0.000533618,0.014611961,0.003107345,0.004391583,0.00038501
E,chr3,53736780,CACNA1D-a-2,0.136041859,0.297852474,0.304123711,0.412587413,0.23769339,0.409127302,0.23940678,0.424043089,0.345204202,0.15890411,0,0.003968254,0.00974026,0.000536769,0,0.018181818,0,0,0,0.001451379,0,0,0.000891663,0,0,0.035555556,0
E,chr3,178943797,PIK3CA-b-2,0.177493826,0.348136143,0.405771753,0.307932264,0.271869245,0.345851645,0.378554125,0.381528009,0.277288405,0.133042164,0,0,0,0,0,0.000432152,0.000263158,0.00025047,0,0,0,0.000447027,0,0,0,0,0
E,chr5,41155206,C6-c-2,0.173405211,0.438311688,0.37012987,0.390663391,0.297577855,0.486590038,0.280254777,0.441540578,0.312834225,0.168539326,0,0,0,0,0,0,0,0,0,0,0,0,0,0,0,0,0
E,chr5,112176258,APC-de-2,0.151813545,0.332690081,0.485549133,0.435660507,0.300678087,0.497433983,0.393287982,0.488489018,0.296411856,0.153931095,0.000224618,0,0.000287026,0,0,0,0,0,0,0.000146778,8.09E-05,0,0,0.00187322,0,0.000636132,0.000170184
E,chr9,75435959,TMC1-b-2,0.139002376,0.323146137,0.259569814,0.32938026,0.324709961,0.309126595,0.329038855,0.306670207,0.179667721,0.159248957,0,0.006437768,0.006526899,0.000454514,0.004819888,0.002056555,0.01619989,0.000649025,0.001519757,0.000996347,0.006221869,0.000571674,0.000352042,0.010028019,0.003295669,0.000397931,0.000165317
E,chr11,49974500,OR4C13-b-2,0.253305534,0.367735277,0.429415127,0.361877741,0.244086948,0.417495433,0.307178263,0.27797801,0.387982966,0.079755116,0,0,0,0.000120014,0,0.000454545,0.000104581,0.000334568,0.000374427,0.000233973,0.000118015,0.000379888,0.000373212,0.000418183,0,0,0.000193069
E,chr17,10215298,MYH13-a-2,0.16007533,0.271858927,0.301020408,0.314984709,0.193166886,0.44129325,0.243114407,0.623514868,0.321816128,0.137658228,0,0,0,0,0,0,0,0,0,0,0,0,0,0,0,0,0
E,chr17,62290338,TEX2-2,0.098396275,0.303370787,0.348547718,0.425034388,0.290874525,0.396237864,0.366001426,0.388925848,0.274472074,0.1466039,0,0,0,0,0,0,0,0,0,0,0,0,0,0,0,0,0
E,chr22,47033800,GRAMD4-2,0.194619778,0.270971302,0.276218612,0.286652079,0.307109557,0.426078755,0.292674253,0.468738899,0.343132616,0.115834219,0,0.000725689,0.030444965,0.021525424,0.001746725,0.005524862,0,0.001535155,0.000809061,0.004264392,0.008775009,0.012731481,0.000584624,0.003162889,0,0.000972763,0.000372439
E,chr1,185878557,HMCN1-a-1,0,0,0,0,0,0,0.001118568,0,0,0,0,0,0,0,0,0,0,0,0,0,0,0,0,0,0.30952381,0.389312977,0.459130435
E,chr1,186060009,HMCN1-f-1,0,0,0,0,0,0,0,0.000155231,0,0,0,0,0,0,0,0,0.004694836,0,0,0,0,0,0,0,0.308571429,0.418604651,0.54442344
E,chr2,166032706,SCN3A-c-1,0,0.001833181,0,0,0,0,0.006593407,0.000198161,0.000274499,0,0,0,0,0,0,0,0,0,0,0,0,0,0,0,0.281045752,0.358247423,0.379483501
E,chr9,107624073,ABCA1-1,0.008376249,0,0.010434783,0.00947226,0.002096925,0,0.000627943,0.000574851,0.000555582,0,0.001760563,0.001697793,0.001643385,0.000627195,0.00754717,0.004448399,0,0.000511117,0,0.005720824,0,0,0.001567671,0.000188111,0.328510638,0.290832455,0.462999345
E,chr14,45644824,FANCM-c-1,0,0,0,0,0,0,0,0,0,0,0,0,0,0,0,0,0,0,0,0,0,0,0,0,0.360655738,0.262626263,0.358296623
E,chr17,10400450,MYH1-a-1,0,0,0,0,0,0,0,0,0,0,0,0,0,0,0,0,0,0,0,0,0,0,0,0,0.24933687,0.28975265,0.452657807
E,chr6,136597093,BCLAF1-1,0,0.000179509,3.38E-05,0.000201177,8.14E-05,7.62E-05,0,6.72E-05,6.92E-05,9.60E-05,3.92E-05,0.038754493,0.175578765,0.060946386,0.214264,0.101253573,0.217143164,0.170861479,0.152901654,0.13988786,0.186404619,0.132358973,0.220868647,0.171472365,0.163368187,0.146480613,0.213952063
E,chr12,18876251,PLCZ1-cd-1,0,0,0,0.016129032,0,0.01754386,0,0,0,0,0,0.037037037,0.288888889,0.115789474,0.523076923,0.089285714,0.296296296,0.551020408,0.134615385,0.339130435,0.351515152,0.295719844,0.497630332,0.310218978,0.259259259,0.5,0.37244898
E,chr1,158631195,SPTA1-c-1,7.13E-05,0,0,0,0,0.000907676,0,0.00020993,0.000567108,0,0,0.109658178,0.487945493,0.130141299,0.469016614,0.322767685,0.53328734,0.38693435,0.267490672,0.447806596,0.350432423,0.389175631,0.478406214,0.531352842,0.331914894,0.366846847,0.545324427
E,chr5,112178000,APC-f-1,0.000202429,0.007239819,0.010204082,0,0.000468604,0,0,0.003407903,0.003386092,0.002056203,0,0.170178282,0.387872955,0.147186147,0.464401294,0.18902439,0.370689655,0.42798111,0.261066969,0.331614439,0.360035603,0.284734134,0.453836556,0.302755494,0.356984479,0.323825503,0.409090909
E,chr11,27389858,LGR4-1,0.000284172,0,0,0,0,0,0,0.000164813,0.000241925,0,0,0.112290009,0.424968474,0.132405213,0.442194093,0.196078431,0.549034749,0.441429062,0.267818575,0.348727368,0.327019899,0.261791432,0.335511983,0.323284411,0.291563275,0.32960199,0.425139174
E,chr14,45605544,FANCM-a-1,0.000785386,0.001100915,0.009688749,0.001028133,0.000766448,0.000995025,0.001180115,0.001467437,0.001650762,0.00074491,0.001200192,0.083333333,0.379673159,0.079058664,0.434675228,0.129085159,0.406621757,0.337536915,0.203045253,0.29191449,0.368990511,0.248778527,0.491782935,0.338014513,0.28871344,0.276433573,0.420301943
E,chr16,19547580,CCP110-1,0,0.003558719,0,0,0,0,0,0.000129559,0.000156826,0.000707714,0,0.12534626,0.361686391,0.110546379,0.444,0.230851064,0.413657771,0.400394477,0.240086518,0.325757576,0.336713996,0.238383838,0.448798989,0.397721644,0.307142857,0.272965879,0.398982188
E,chr22,30416037,MTMR3-1,0.000402771,0.00579103,0,0.000202881,0.003608751,0.017749327,0.000362209,0.00055637,0.000692115,0.000569476,0,0.136481428,0.323529412,0.102128674,0.348796825,0.267648169,0.456083279,0.378390187,0.145658996,0.269975457,0.363441373,0.261731752,0.499331849,0.308741048,0.364856429,0.229984544,0.4126351
E,chr1,117078761,CD58-a-2,0.121568627,0.383211679,0.414634146,0.313432836,0.286212914,0.410526316,0.34467618,0.28956229,0.298507463,0.144486692,0.252941176,0,0.015037594,0.003571429,0.013559322,0,0,0.009868421,0,0,0.003215434,0.00104639,0.006493506,0,0.008888889,0.00921659,0.003669725
E,chr6,152772203,SYNE1-cd-2,0.053173242,0.290983607,0.313559322,0.264705882,0.291375291,0.368995633,0.365988909,0.399184149,0.294789436,0.108786611,0.113207547,0,0,0,0,0,0,0,0,0.005444646,0,0.004573171,0.00053135,0.003442341,0,0,0.003436426
E,chr9,75309590,TMC1-a-2,0.137317482,0.350940666,0.342455043,0.283738674,0.296296296,0.466631908,0.4,0.344776236,0.297827216,0.201838879,0.238251366,0,0,0,0,0,0,0,0,0.000202675,0,0,0,0.00068089,0,0,0
E,chr11,49974254,OR4C13-a-2,0.107930549,0.337142857,0.340369393,0.35326087,0.250421743,0.31405694,0.401601553,0.408156111,0.176909005,0.143372873,0.201538462,0,0,0,0,0.00498008,0,0,0,0,0,0.000407664,0.000341413,0,0,0,0
E,chr11,74329838,POLD3-2,0.089533874,0.359404977,0.376366388,0.32324337,0.236729838,0.461335007,0.302503768,0.324649756,0.353778568,0.183579852,0.157297359,2.46E-05,9.49E-05,1.62E-05,3.25E-05,0.000585854,3.57E-05,1.43E-05,0,8.62E-05,3.72E-05,1.76E-05,1.12E-05,1.97E-05,0,9.85E-05,1.98E-05
E,chr15,89857905,FANCI-b-2,0.180333565,0.327586207,0.35078534,0.366666667,0.29394387,0.306010929,0.384266263,0.331899642,0.249073584,0.13960396,0.163194444,0.003081664,0,0,0,0,0,0,0,0,0,0,0,0,0,0,0
E,chr18,31319812,ASXL3-b-2,0.078125,0.476190476,0.451612903,0.35,0.244186047,0.306122449,0.4,0.267741935,0.348246675,0.133333333,0.292682927,0,0,0,0,0,0,0,0,0,0,0,0,0,0,0,0
E,chr1,38053026,GNL2-ab-2,0.17711781,0.274390244,0.382687927,0.198113208,0.274155164,0.504156479,0.25060241,0.437101708,0.229036205,0.219607843,0.230458221,0.114800759,0.448165869,0.142029416,0.305699482,0.179487179,0.352691218,0.367685919,0.34229576,0.405739514,0.31963714,0.294318667,0.454856654,0.395512821,0.287671233,0.360683761,0.34887218
E,chr1,57169765,PRKAA2-ab-3,0.175892242,0.252855511,0.335227855,0.277941523,0.237536978,0.357697351,0.328102613,0.330975346,0.201518839,0.164728112,0.127477276,0.071436279,0.360163623,0.112063494,0.370969425,0.175502071,0.365425741,0.391720091,0.19246245,0.286622529,0.356926857,0.252089264,0.328388301,0.321325397,0.268469549,0.273198731,0.38401317
E,chr1,102296275,OLFM3-3,0.168674699,0.351851852,0.368421053,0.421052632,0.229166667,0.475675676,0.379310345,0.383640553,0.278823529,0.179245283,0.098360656,0.117647059,0.5,0.053658537,0.385714286,0.238095238,0.447761194,0.364285714,0.20212766,0.337078652,0.405555556,0.354037267,0.544776119,0.374449339,0.230769231,0.390243902,0.365168539
E,chr1,120464968,NOTCH2-3,0.225048924,0.293617021,0.376681614,0.272030651,0.282149712,0.471215352,0.424749164,0.423926768,0.350373483,0.171830986,0.090909091,0.078175896,0.355633803,0.101286174,0.394658754,0.189473684,0.4048583,0.347953216,0.259433962,0.373776908,0.368740516,0.287564767,0.415162455,0.381889764,0.302325581,0.303571429,0.332579186
E,chr1,158590113,SPTA1-a-3,0.123076923,0.222222222,0.416666667,0.390804598,0.274238227,0.35694051,0.276717557,0.317787419,0.253655793,0.253333333,0.202898551,0.010309278,0.457142857,0.18,0.265625,0.323529412,0.445783133,0.433333333,0.196629213,0.389558233,0.428571429,0.36900369,0.414814815,0.28125,0.333333333,0.246575342,0.446808511
E,chr1,158650477,SPTA1-e-3,0.144093079,0.368995633,0.247863248,0.318918919,0.211640212,0.450286807,0.303437967,0.336108677,0.374257426,0.107929515,0.166172107,0.100806452,0.41954023,0.129271917,0.40990991,0.220238095,0.4625,0.461420932,0.268370607,0.31300813,0.330022075,0.334009466,0.412890232,0.38148843,0.313131313,0.213836478,0.383458647
E,chr1,179526197,NPHS2-a-2,0.148839041,0.310355883,0.301024647,0.320227766,0.26667005,0.357336157,0.353068638,0.443449683,0.342666596,0.190100251,0.219898068,0.119721197,0.432234432,0.112888094,0.454516198,0.229745713,0.391354301,0.433585244,0.228169284,0.362176322,0.367680996,0.295080793,0.413023004,0.312240091,0.298516148,0.334110334,0.380721431
E,chr1,179528894,NPHS2-b-3,0.140127389,0.424242424,0.428571429,0.168831169,0.236453202,0.474860335,0.489208633,0.287815126,0.162230672,0.126213592,0.157894737,0.068493151,0.364864865,0.055555556,0.339285714,0.3,0.464285714,0.27027027,0.217948718,0.334975369,0.347826087,0.379310345,0.343108504,0.296296296,0.259259259,0.369565217,0.474576271
E,chr1,185992252,HMCN1-e-3,0.125974947,0.320325901,0.361863489,0.412464986,0.2657965,0.451278341,0.403333333,0.412192531,0.321814942,0.151457055,0.27321238,0.077991453,0.409005629,0.130136521,0.406340058,0.193923146,0.469543147,0.392361111,0.260373444,0.352091999,0.377866667,0.29191028,0.449410825,0.546355272,0.286255924,0.23690205,0.408782254
E,chr1,186062655,HMCN1-h-3,0.141868922,0.322152691,0.363333333,0.288585555,0.217246764,0.449637604,0.345866703,0.491766054,0.345051256,0.190244468,0.219145266,0.091383812,0.40751602,0.078833139,0.370750481,0.221969525,0.442806834,0.385438169,0.212179242,0.384618256,0.357109851,0.314798637,0.476798738,0.380862409,0.330223476,0.296624372,0.505977683
E,chr1,186083152,HMCN1-i-3,0.083287853,0.227560051,0.308139535,0.201440576,0.18583118,0.357492654,0.349777997,0.424242424,0.196451204,0.12876506,0.125179856,0.057011229,0.457979226,0.068251628,0.332137365,0.13106383,0.353430353,0.204992269,0.168894289,0.311613645,0.266820012,0.203955501,0.276422764,0.372907154,0.198370867,0.277607362,0.328709394
E,chr1,186097343,HMCN1-j-2,0.168392803,0.345605961,0.371122995,0.360909091,0.280767783,0.50035137,0.224230443,0.327530683,0.403945173,0.156492786,0.18597561,0.128815629,0.417714286,0.164225217,0.344983819,0.277556441,0.388851122,0.395830253,0.242293907,0.30595428,0.356388889,0.350180505,0.453314121,0.327937844,0.238005644,0.282485876,0.406825939
E,chr1,186106707,HMCN1-k-3,0.15203357,0.396269079,0.39408867,0.4359401,0.273188039,0.443796394,0.368315842,0.317926226,0.277556441,0.201506591,0.222914072,0.130111524,0.467703349,0.115973378,0.468115942,0.274074074,0.411302983,0.454352065,0.271523179,0.447807933,0.443272881,0.404801173,0.432797475,0.368940754,0.271978022,0.349206349,0.480568012
E,chr1,247582302,NLRP3-a-2,0.213022945,0.369912032,0.314878893,0.367321354,0.228600718,0.411234764,0.357588728,0.436344201,0.415509482,0.226831897,0.165934066,0.085496183,0.407921462,0.08635598,0.429822161,0.240337316,0.399836468,0.393085502,0.278702518,0.28943662,0.397617612,0.285685009,0.426072235,0.410777762,0.322926829,0.318595041,0.411904291
E,chr2,74273725,TET3-3,0.116511794,0.298969072,0.533333333,0.424242424,0.275,0.385650224,0.354691076,0.30785124,0.441176471,0.385964912,0.2,0.121212121,0.583333333,0.097835498,0.405405405,0.243243243,0.333333333,0.537275064,0.157894737,0.170731707,0.327868852,0.265700483,0.373939394,0.507042254,0.166666667,0.5,0.505882353
E,chr2,166027055,SCN3A-b-2,0.308823529,0.315789474,0.222222222,0.428571429,0.269794721,0.434250765,0.2375,0.361445783,0.385542169,0.125,0.289473684,0.08411215,0.539215686,0.140350877,0.370786517,0.326086957,0.327586207,0.5,0.194805195,0.37434555,0.29375,0.40192926,0.456647399,0.389312977,0.265625,0.216216216,0.366197183
E,chr3,53757563,CACNA1D-b-2,0.096921597,0.379541109,0.381642512,0.395759717,0.238900634,0.370711297,0.483189992,0.354623592,0.325034738,0.138198758,0.177777778,0.151851852,0.383141762,0.114742193,0.449122807,0.179916318,0.5,0.382041508,0.35483871,0.258426966,0.372226787,0.356638418,0.530799476,0.441428571,0.350253807,0.397790055,0.427652733
E,chr4,55573323,KIT-2,0.190770499,0.43715847,0.434210526,0.33,0.243809524,0.501529052,0.345821326,0.412154444,0.43593175,0.153638814,0.178010471,0.072164948,0.509225092,0.170789164,0.452229299,0.251748252,0.424657534,0.322195704,0.261410788,0.328042328,0.378742515,0.278776978,0.433751743,0.438077634,0.315384615,0.357798165,0.452554745
E,chr4,100543893,MTTP-3,0.204794331,0.282944463,0.343065693,0.273858921,0.172082718,0.380713489,0.239624506,0.372555345,0.21734296,0.220090863,0.114317425,0.093913043,0.424242424,0.083317149,0.410788382,0.189393939,0.425298805,0.315733673,0.272957035,0.268768281,0.352391629,0.270696076,0.382298137,0.309847878,0.264661654,0.210597826,0.337121212
E,chr4,174235223,GALNT7-3,0.103304356,0.368084565,0.390672963,0.384871407,0.259968382,0.345192884,0.451479226,0.358583822,0.263507867,0.190889813,0.230318691,0.110514899,0.436798549,0.100768586,0.360973563,0.183590149,0.469558547,0.287635073,0.154331683,0.334972829,0.342784306,0.283708457,0.409461588,0.329539985,0.388883725,0.393446181,0.444850542
E,chr5,41176678,C6-d-2,0.13799406,0.308518803,0.412742382,0.186390533,0.284893268,0.405251952,0.255585344,0.449524014,0.30267684,0.181074766,0.168246445,0.067978533,0.420731707,0.117263111,0.477739726,0.177083333,0.47008547,0.388709097,0.251968504,0.39142462,0.315789474,0.314558059,0.452131377,0.371538957,0.258169935,0.350230415,0.403033586
E,chr5,112151238,APC-a-3,0.109452736,0.441666667,0.421052632,0.322033898,0.26848249,0.528473804,0.262114537,0.306306306,0.281954887,0.06741573,0.169811321,0.045045045,0.595238095,0.126984127,0.459459459,0.191489362,0.443037975,0.40397351,0.323232323,0.352303523,0.296296296,0.243045388,0.58259587,0.300578035,0.185714286,0.514563107,0.38028169
E,chr5,112174370,APC-b-3,0.298760206,0.467948718,0.409090909,0.381294964,0.422794118,0.527352298,0.354312354,0.330184049,0.367315797,0.255014327,0.233766234,0.112903226,0.512727273,0.238653906,0.585284281,0.313609467,0.56097561,0.619176598,0.43814433,0.457975986,0.422150883,0.554663992,0.658076225,0.583798883,0.352201258,0.50931677,0.429234339
E,chr6,10876135,GCM2-3,0.158273381,0.364583333,0.395348837,0.338235294,0.255102041,0.607594937,0.18220339,0.463758389,0.287112561,0.230088496,0.177777778,0.070175439,0.407894737,0.103151862,0.425925926,0.138888889,0.505617978,0.519480519,0.207792208,0.313653137,0.352459016,0.275700935,0.390428212,0.357142857,0.380952381,0.29787234,0.394736842
E,chr6,29454661,MAS1L-a-1,0.114056324,0.457415479,0.367931689,0.362731152,0.226112954,0.384410156,0.317589495,0.301131646,0.207637214,0.066008533,0.220938953,0.063009973,0.435177866,0.148768274,0.355490422,0.160513644,0.425091098,0.448837312,0.219504413,0.348201994,0.336168157,0.29885453,0.437117904,0.394167865,0.339855819,0.268235294,0.382358745
E,chr6,29455614,MAS1L-b-1,0.103384564,0.341374838,0.2648,0.321766562,0.26057203,0.432265494,0.225184944,0.420041843,0.297688659,0.251873574,0.147192716,0.117085863,0.488662132,0.062701706,0.424766019,0.198051948,0.44216954,0.436990596,0.266691814,0.368251819,0.365774408,0.295105477,0.457481684,0.310826542,0.296426774,0.306971904,0.375449102
E,chr6,41029488,APOBEC2-2,0.09957739,0.266666667,0.355191257,0.455489614,0.256916996,0.439276486,0.311178248,0.403225806,0.289473684,0.078488372,0.23255814,0.101280559,0.388601036,0.163106796,0.394736842,0.185393258,0.455657492,0.36437247,0.2,0.319532909,0.40078329,0.305396667,0.488135593,0.404791929,0.380546075,0.306603774,0.361777778
E,chr6,152683330,SYNE1-ab-3,0.095971254,0.346939876,0.318579844,0.329732739,0.29250802,0.292592506,0.366579741,0.35273184,0.240577591,0.109331673,0.156227566,0.067276463,0.403664244,0.08039788,0.429411765,0.180403113,0.369078791,0.333114749,0.252655294,0.294670245,0.336125372,0.363095114,0.476852932,0.34276152,0.315898231,0.312347561,0.367874048
E,chr7,140487360,BRAF-b-3,0.12234241,0.382845188,0.295396419,0.382978723,0.288052373,0.458199357,0.351359126,0.331969847,0.25044781,0.100833664,0.210049112,0.071604938,0.5,0.155059133,0.472450176,0.216346154,0.444556452,0.382556131,0.267757531,0.330236609,0.404817943,0.308988764,0.521866546,0.354273748,0.279411765,0.226628895,0.491274284
E,chr8,9562212,TNKS-3,0.108045001,0.32996633,0.338582677,0.471428571,0.242307692,0.420676513,0.344166223,0.347013889,0.287076167,0.106603774,0.25049505,0.105454545,0.402660218,0.104793388,0.383673469,0.25,0.356862745,0.396353815,0.270921986,0.34517601,0.378088962,0.336983993,0.449177877,0.402529762,0.272552783,0.272727273,0.373801917
E,chr9,101900288,TGFBR1-3,0.194979568,0.283261803,0.358974359,0.366071429,0.279863481,0.417266187,0.313915858,0.310904872,0.33557869,0.172222222,0.196581197,0.076923077,0.442176871,0.112622827,0.377952756,0.301886792,0.420289855,0.410981697,0.28358209,0.328651685,0.351648352,0.336708861,0.34867664,0.348534202,0.235294118,0.448275862,0.454873646
E,chr9,138440630,OBP2A-3,0.072219321,0.325908054,0.270921188,0.408722824,0.218810068,0.381668913,0.302777198,0.416840395,0.379946417,0.146772284,0.072994459,0.093554509,0.35658302,0.148435998,0.376708009,0.207284018,0.412503138,0.331682274,0.285719231,0.313029576,0.335976802,0.285114382,0.374668479,0.392472892,0.32163171,0.27720034,0.45433731
E,chr10,70446402,TET1-d-2,0.184536263,0.353276107,0.364554041,0.34155733,0.21758121,0.389604468,0.349038462,0.426085871,0.30588566,0.299745033,0.198197004,0.078798565,0.444792911,0.094609574,0.460868435,0.172792215,0.423166694,0.465918762,0.253313876,0.421264419,0.346264782,0.316060491,0.499602192,0.346003096,0.306218459,0.348465197,0.425620229
E,chr10,101557016,ABCC2-a-3,0.216896832,0.382087629,0.333333333,0.386075949,0.293995859,0.363790186,0.260869565,0.352782502,0.258363649,0.148648649,0.170731707,0.064935065,0.45323741,0.130935656,0.421686747,0.189655172,0.475177305,0.457509881,0.222222222,0.348432056,0.39556962,0.371598639,0.388223553,0.556933484,0.304878049,0.416666667,0.555555556
E,chr11,6578207,DNHD1-a-2,0.143272438,0.360089949,0.423956111,0.311504425,0.238167443,0.490450928,0.334521302,0.125637173,0.321667765,0.146949186,0.23465704,0.153911086,0.424546323,0.07498348,0.477017814,0.227870813,0.402771569,0.383169575,0.321881607,0.363369656,0.370470316,0.227678571,0.425221762,0.363195256,0.304907482,0.319413452,0.512245644
E,chr11,92086056,FAT3-3,0.123659561,0.332151649,0.377225867,0.255915385,0.253435578,0.442581936,0.317431397,0.325067975,0.343974097,0.156567923,0.271013699,0.115384615,0.532321781,0.125893308,0.39927154,0.232672482,0.357945271,0.431729598,0.215659804,0.336116985,0.357756705,0.349953074,0.509334663,0.553590708,0.294778002,0.270841437,0.430647753
E,chr11,120957740,TBCEL-3,0.098106713,0.337209302,0.456621005,0.307377049,0.261694058,0.433510638,0.297760211,0.464352973,0.37296748,0.220952381,0.15503876,0.074324324,0.392670157,0.105029586,0.358078603,0.280898876,0.55,0.465063001,0.275080906,0.336520076,0.344277674,0.326456311,0.366946779,0.491334489,0.307692308,0.360902256,0.408945687
E,chr12,25378562,KRAS-a-1,0.128113879,0.37804878,0.329207921,0.297029703,0.23476298,0.350191245,0.311226701,0.291808874,0.283513097,0.191318328,0.181818182,0.089182494,0.373113855,0.101731602,0.462078652,0.192493947,0.485863874,0.369458128,0.309078772,0.283987915,0.334229735,0.261715014,0.465308721,0.346414556,0.261755486,0.323049002,0.385952209
E,chr12,40634353,LRRK2-a-3,0.17,0.337423313,0.340206186,0.427419355,0.238975818,0.453913043,0.370420624,0.218831169,0.33525406,0.107017544,0.195020747,0.089622642,0.449790795,0.078947368,0.42776204,0.263157895,0.440233236,0.454225352,0.205607477,0.357731959,0.341666667,0.346361186,0.569343066,0.400468384,0.368983957,0.288770053,0.444084279
E,chr12,40689410,LRRK2-b-3,0.121059691,0.361983471,0.27,0.366037736,0.241504854,0.431092604,0.364670955,0.423438609,0.33550095,0.171733333,0.227564103,0.065781151,0.418,0.12221515,0.388819876,0.218599034,0.419034091,0.401925391,0.15920398,0.329099307,0.304286004,0.269797688,0.435351161,0.410902756,0.299888517,0.245121951,0.342857143
E,chr12,40709087,LRRK2-c-3,0.115881143,0.411071143,0.339028672,0.248813817,0.263039532,0.409757389,0.380816155,0.320032983,0.216092115,0.211966539,0.235380875,0.080807434,0.483342436,0.144842823,0.418556701,0.206825131,0.454587114,0.401647048,0.25880949,0.304566823,0.341723666,0.342313247,0.447377945,0.345641327,0.326569136,0.274179335,0.400438721
E,chr13,78477334,EDNRB-b-2,0.120922502,0.390096618,0.271914132,0.272859216,0.203898051,0.409771987,0.353151862,0.509062807,0.429849138,0.123312331,0.227180527,0.096132597,0.367688022,0.114451186,0.30298913,0.156133829,0.377867746,0.431219512,0.22300885,0.265714286,0.275693312,0.316770186,0.433268859,0.328627069,0.258426966,0.307865169,0.35251046
E,chr14,23854159,MYH6-a-3,0.151032702,0.499334812,0.567615658,0.432098765,0.348227295,0.398427261,0.338506589,0.292054851,0.411808892,0.174590164,0.282131661,0.202941176,0.495630462,0.136514648,0.527054108,0.247596154,0.461864407,0.499769903,0.240291262,0.402417962,0.464944649,0.450076805,0.462410171,0.485689997,0.384210526,0.404884319,0.460520512
E,chr14,75515880,MLH3-b-3,0.124020888,0.377403846,0.288461538,0.37195122,0.336260979,0.317406143,0.267605634,0.496774194,0.295274413,0.073068894,0.167597765,0.034749035,0.421985816,0.114146341,0.446428571,0.25,0.375464684,0.383505155,0.389830508,0.380794702,0.344026549,0.349206349,0.466086957,0.42506812,0.262857143,0.357541899,0.418604651
E,chr15,37387806,MEIS2-3,0.081122062,0.35395189,0.246153846,0.281767956,0.239285714,0.348837209,0.373006135,0.502758621,0.378677875,0.12987013,0.219178082,0.039325843,0.520467836,0.118670886,0.449438202,0.226666667,0.330960854,0.371014493,0.273584906,0.332247557,0.405405405,0.295492487,0.330152672,0.402721088,0.272727273,0.258215962,0.406296852
E,chr15,43771698,TP53BP1-2,0.101518785,0.440318302,0.514326648,0.273560209,0.271991911,0.400416017,0.309005297,0.439862543,0.373152709,0.139059305,0.201447527,0.124563446,0.412903226,0.107163001,0.462264151,0.218068536,0.450653983,0.378348214,0.222021661,0.343214451,0.394886364,0.334846193,0.41039501,0.442748092,0.324909747,0.468627451,0.443465492
E,chr15,72191194,MYO9A-3,0.200601226,0.270765271,0.450733138,0.35709799,0.299260071,0.412568306,0.36244271,0.40468979,0.338795437,0.144229177,0.201608849,0.103498542,0.386638734,0.135756803,0.424186779,0.179572447,0.391108759,0.437322581,0.250492449,0.363288955,0.378204249,0.285679933,0.479355321,0.354184277,0.351430976,0.343592613,0.474590765
E,chr15,89866003,POLG-3,0.116475096,0.376279863,0.188481675,0.228723404,0.253193961,0.585698489,0.339633448,0.159628565,0.46372135,0.114285714,0.248803828,0.0625,0.436567164,0.137693632,0.379204893,0.256603774,0.401685393,0.479946524,0.382297552,0.299787385,0.375786164,0.282660333,0.459668508,0.420912716,0.233532934,0.43718593,0.392100193
E,chr16,15870007,MYH11-3,0.132165835,0.286349168,0.344158416,0.289782061,0.309329178,0.392344208,0.323073852,0.473818541,0.300366954,0.079211631,0.219863348,0.07816519,0.424755545,0.07320043,0.402056746,0.180199242,0.407452027,0.46088158,0.232678387,0.319830329,0.310391118,0.297505144,0.534704797,0.400162212,0.245078888,0.272399495,0.426785784
E,chr17,3626629,ITGAE-3,0.123283363,0.383969466,0.296416938,0.379528986,0.198342033,0.456575682,0.21776425,0.331156716,0.347250216,0.150707744,0.117734724,0.095943838,0.445031712,0.066931658,0.401185771,0.177981651,0.326797386,0.262199089,0.136006289,0.268720749,0.325488098,0.305671869,0.430104031,0.306692345,0.236509759,0.205050505,0.434187434
E,chr17,10295278,MYH8-3,0.148243847,0.377721943,0.409462366,0.351722282,0.288210033,0.455937219,0.363897191,0.33126072,0.331864085,0.135955222,0.217221722,0.128362435,0.421859246,0.114707645,0.506149832,0.244228994,0.430617726,0.504682041,0.310386767,0.44072243,0.404659928,0.374885928,0.521448306,0.392136212,0.333620319,0.373835404,0.415031693
E,chr18,31318522,ASXL3-a-2,0.145752698,0.283882564,0.278283485,0.301295896,0.256575102,0.328562134,0.252396645,0.43490566,0.299609123,0.134170263,0.152787337,0.095798979,0.323669202,0.104910026,0.3743148,0.179071481,0.336780576,0.342302343,0.22605364,0.286316855,0.357776989,0.237691315,0.362727008,0.335233542,0.225718194,0.286869944,0.363520679
E,chr18,51820361,POLI-3,0.120895522,0.367205543,0.433609959,0.332894737,0.301143583,0.448190382,0.278365385,0.290152403,0.402829486,0.0981755,0.20235546,0.054460094,0.423357664,0.112850082,0.373111782,0.286652079,0.453869048,0.456824513,0.20439691,0.323817292,0.332167832,0.323516085,0.47270364,0.415306493,0.300613497,0.292783505,0.438751001
E,chr19,58850058,ZSCAN22-3,0.153664085,0.397773279,0.361809045,0.33125649,0.264953411,0.386957149,0.43065562,0.368100128,0.428190675,0.20657277,0.074162679,0.109921485,0.531463748,0.088340357,0.474847561,0.253424658,0.480922099,0.449541284,0.344285714,0.386134068,0.49863097,0.30314502,0.467757231,0.517444304,0.290792541,0.370564282,0.515291402
,,,,,,,,,,,,,,,,,,,,,,,,,,,,,,
,spot,,,1,17,20,31,21,28,30,19,27,4,3,15,13,8,9,10,11,16,22,5,6,12,14,26,23,29,25
,surf date,,,7/31/18,7/31/18,7/31/18,7/31/18,7/30/18,7/30/18,7/30/18,7/30/18,7/30/18,7/31/18,7/31/18,7/31/18,7/31/18,7/31/18,7/31/18,7/31/18,7/31/18,7/31/18,7/31/18,7/30/18,7/30/18,7/30/18,7/30/18,7/30/18,7/31/18,7/31/18,7/30/18
,slide,,,A3,A9,A9,A9,A9,A9,A9,A9,A9,A3,A3,A3,A3,A3,A3,A3,A3,A9,A9,A3,A3,A3,A3,A9,A9,A9,A9
,phenotype,,,invasive,super,super,invasive,super,invasive,invasive,super,invasive,invasive,super,super,invasive,super,invasive,super,invasive,super,invasive,invasive,invasive,super,invasive,invasive,invasive,invasive,invasive
,subclone,,,S5,S5,S5,S5,S5,S5,S5,S5,S5,S4,A3,S1,S2,S2,S2,S2,S2,S2,S2,S2,S2,S2,S2,S2,S3,S3,S3