tumor,chr,position,gene,F17_a4OKmaf,F2_2OKmaf,F12_d2OKmaf,F13_d3OKmaf,F14_d4OKmaf,F23_d1OKmaf,F1_1OKmaf,F28_14OKmaf,F29_15OKmaf,F30_16OKmaf,F31_17OKmaf,F25_13OKmaf,F8_a3OKmaf,F4rptOKmaf,F5_c5OKmaf,F7rptOKmaf,F9_3OKmaf,F3_a2OKmaf,F6_a8OKmaf,F20_c8OKmaf,F24_a5OKmaf,F28_a6OKmaf,F10_4OKmaf,F11_5OKmaf,F12_6OKmaf,F13_7OKmaf,F14_8OKmaf,F16_9OKmaf,F17_10OKmaf,F18_11OKmaf,F19_12OKmaf
F,chr17,56355493,MPO,0,5.71E-05,7.69E-05,0,0,0.000228154,0.000320762,0.000120939,0.000164228,0.000172138,0.00024882,0.000199345,0,7.59E-05,0.000237635,0,7.06E-05,3.27E-05,0.000260824,7.25E-05,0.000221092,4.99E-05,0.000215295,0.000117166,9.52E-05,1.74E-05,0,0.000122369,0,0.000230097,0.000118834
F,chr19,9578137,ZNF560,0,0,0,0,0,0,0,0,0,0,0,0,0,0,0,0,0,0,0,0,0,0,0,0,0,0,0,0,0,0,0
F,chr8,94747845,RBM12B,0,0.00016415,0,0.000406669,0,0,0,0,0,0,0,0,0,0,0,0.000347887,0,0,0,0,0,0,0,0,0.00016714,0,0,0,0,0,0
F,chr3,187003730,MASP1,0,0,0,0,0,0,0,0,0,0.001464129,0,0,0,0,0,0.017482517,0,0,0,0,0.014285714,0,0,0,0,0,0.007042254,0,0,0.005221932,0
F,chr9,101904985,TGFBR1,0,0,0,0,0,0,0,0,0,0,0,0,0,0,0,0,0,0,0,0,0,0,0,0,0,0,0,0,0,0,0
F,chr11,7078975,NLRP14,0,0.001431025,0.000993049,0,0.004504505,0,0,0.001408947,0.002403846,0.000372995,0.000810537,0,0.003120125,0,0.000574383,0,0.000266064,0,0,0.00129408,0,0,0.002355926,0.001538935,0.000819336,0.000847817,0.002187314,0.00152207,0.000695894,0,0.003297221
F,chr19,36685998,ZNF565,0,0,0,0.001221001,0,0,0,0,0,0,0,0,0,0,0,0,0,0,0,0,0,0,0,0,0,0,0,0,0,0,0
F,chr5,145537295,LARS,0.00064,0.000964227,0.000578258,0,0,0.001680672,0.000933393,0.00049716,0.000582504,0.000426455,0.000447427,0.000216169,0.001313629,0.001485149,0.000480654,0,0.000774984,0.000475466,0.003412969,0.000542196,0,0,0.000848557,0.000677283,0.000273551,0.000235773,0.000894543,0.001581742,0.000649156,0.000700771,0.000784266
F,chr17,56572567,MTMR4,0.148148148,0.147286822,0,0,0,0,0,0,0,0,0.003154574,0,0,0,0,0,0,0,0,0,0,0,0,0,0,0,0,0,0,0,0
F,chr3,126214955,,0.393124066,0.184357542,0,0,0,0,0,0,0,0,0,0,0,0,0,0,0,0,0,0,0,0,0,0,0,0,0,0,0,0,0
F,chr10,43089800,ZNF33B,0.189189189,0.361111111,0,0,0,0,0,0,0,0,0,0,0,0,0,0,0,0,0,0,0,0,0,0,0,0,0,0,0,0,0
F,chr19,22941280,ZNF99,0.173535792,0.130932897,0,0,0,0,0,0,0,0,0,0,0,0,0,0,0,0,0,0,0,0,0.004398827,0,0,0,0,0,0,0,0
F,chr19,42546769,GRIK5,0.283980583,0.235194324,0,0.00168492,0,0,0.000846024,0.001189869,0,0.000658241,0.002271209,0.000644745,0,0.000374883,0.000347947,0.000882768,0.000660814,0.003478261,0.00297619,0.002444988,0,0.064924115,0,0,0,0.000391083,0,0,0,0.006516588,0
F,chr2,108487592,RGPD4,0,6.85E-05,0,0,0,0,0.000193723,0.000122635,0.00016225,0.000118179,9.50E-05,0.110849958,0,0,0.003815605,0.000216521,0.001920132,0.133508169,0.147049924,0.140357367,0.102442453,0.289693593,0.169766363,0.211745015,0.19430126,0.149567698,0.10743989,0.069267747,0.07980905,0.118285624,0.163294213
F,chr10,13151125,OPTN,0.000188679,0,0,0,0,0,0,0,0,0.000190241,0,0,0.030692659,0.422229476,0.268143668,0.323025736,0.217678812,0,0,0,0,0,0,0,0,0,0,0,0,0,0
F,chr12,125834333,TMEM132B,0.000393453,0.000978857,0.000915739,0.001036314,0.005520305,0.000737826,0.003966573,0.001142857,0.00123669,0.00066199,0.000905211,0.000247595,0.047058824,0.368762289,0.137756477,0.237770275,0.15587014,0.000851966,0.000587458,0.000521747,0.000834376,0.003498856,0.000855552,0.000248427,0.001342507,0.001325695,0.000483118,0.000410987,0.000535475,0.000568047,0.00085305
F,chr1,196643122,,0,0,0,0,0,0,0,0,0,0,0,0,0.15625,0.457983193,0.402985075,0.336842105,0.2265625,0,0,0,0,0,0,0,0,0,0,0,0,0,0
F,chr1,233394985,PCNXL2,0.001846722,0.000290444,0.000423729,0.003717472,0,0,0,0.001147228,0,0.000997693,0,0.001653576,0.073779796,0.376933896,0.239330956,0.235330451,0.230398716,0.012248231,0,0,0,0.013327206,0.01776808,0,0.000396668,0.000622471,0.00115141,0,0,0,0.000821018
F,chr2,207634943,,0,0,0,0,0,0,0,0,0,0,0,0,0.076923077,0.366412214,0.3,0.240740741,0.19047619,0,0,0,0,0,0,0,0,0,0,0,0,0,0
F,chr16,24582445,RBBP6,0.026733722,0.001008989,0.00558799,0.004256527,0.003444317,0.00190295,0.015450644,0.008339376,0.005480286,0.000137533,0.021267894,0,0.066666667,0.45010989,0.243366778,0.282319392,0.223590104,0.007173252,0.003636364,0.001068458,0.006666667,0.001773443,0.011467631,0.00057334,0,0.000642426,0.000144092,0.000574218,0.002975084,0.015943313,0
F,chr1,160523212,CD84,0.312741313,0.354452055,0.356989247,0.157894737,0.357723577,0.447619048,0.297587131,0.337741607,0.400326797,0.275152863,0.28742515,0.09380531,0.517647059,0.379008746,0.396069539,0.196601942,0.284290739,0,0,0,0,0,0,0,0,0,0,0,0,0,0
F,chr3,151164218,IGSF10,0.229559748,0.354852501,0.417310665,0.235514019,0.251141553,0.34496124,0.473140496,0.410430839,0.295583239,0.286175363,0.30617284,0.128342246,0.216117216,0.382133995,0.359344894,0.18622449,0.232401656,0,0,0,0,0,0,0,0.056368564,0,0,0,0,0,0
F,chr6,43014605,,0.26344086,0.421276596,0.380597015,0.347107438,0.157303371,0.358490566,0.330935252,0.444987775,0.444444444,0.250710227,0.488069414,0.0875,0.285714286,0.330097087,0.415800416,0.566037736,0.135416667,0,0,0,0,0,0,0,0,0,0,0,0,0,0
F,chr16,71961541,KIAA0174,0.274058577,0.612903226,0.367673179,0.279840849,0.328888889,0.273049645,0.352342159,0.471751412,0.333958724,0.265513733,0.333695652,0.085808581,0.393700787,0.310710498,0.358636716,0.280442804,0.17054846,0,0,0,0,0.017241379,0,0,0,0.039855072,0,0.00390625,0,0.028248588,0
F,chr19,49481185,GYS1,0.257462687,0.649521531,0.418410042,0.328358209,0.321167883,0.46875,0.572533849,0.386511025,0.341772152,0.169090909,0.338345865,0.317880795,0.432692308,0.173913043,0.335438043,0.195845697,0.107344633,0.240384615,0.677419355,0.437853107,0,0.436046512,0.241090147,0.659863946,0.770408163,0.14254386,0.705882353,0.411290323,0.375,0.28,0.748110831
F,chr20,57607346,,0.127906977,0.208132323,0.189427313,0.141509434,0.313432836,0.214285714,0.164533821,0.211180124,0.323795181,0.161073826,0.209510991,0.18255814,0.37704918,0.377593361,0.151268116,0.288751107,0.209424084,0.221518987,0.150684932,0.099547511,0.028169014,0.249475891,0.193343899,0.225669958,0.246062992,0.118780096,0.439716312,0.158653846,0.166666667,0.19921875,0.221747098
F,chr22,26157080,MYO18B,0.110431948,0.458170291,0.391820157,0.326614507,0.188629118,0.298998984,0.212829673,0.255780031,0.396328869,0.184636065,0.230649528,0.270437207,0.304137723,0.280945991,0.364044834,0.192120075,0.142726694,0.230689762,0.359156785,0.639992066,0.514609422,0.411710252,0.31978398,0.629792905,0.033859493,0.287356959,0.58624667,0.283066978,0.183953033,0.205852535,0.357353816
F,chr1,26013026,MAN1C1,0.280701754,0.773026316,0.807228916,0.488888889,0.411764706,0.476190476,0.563106796,0.453416149,0.690647482,0.42972973,0.623853211,0.564705882,0.516129032,0.51875,0.630769231,0.570048309,0.255079007,0.520408163,0.571428571,0.338235294,0.153846154,0.467741935,0.490196078,0.595588235,0.713043478,0.464566929,0.568627451,0.23853211,0.5875,0.594339623,0.679245283
F,chr1,64089253,PGM1,0.142487047,0.305203938,0.326633166,0.308411215,0.34765625,0.439613527,0.347744361,0.377358491,0.472340426,0.186256781,0.245430809,0.29903537,0.279527559,0.294245385,0.34888241,0.329723225,0.166101695,0.34257975,0.487804878,0.365203762,0.387900356,0.402298851,0.359839817,0.424501425,0.158349967,0.409618574,0.132642487,0.297055058,0.276595745,0.458167331,0.353448276
F,chr2,26683065,OTOF,0.303769401,0.485183547,0.448423511,0.354029062,0.222672065,0.453431373,0.494832575,0.566761711,0.393552439,0.420763187,0.378253028,0.414248872,0.382352941,0.619087137,0.45321896,0.531604538,0.170237075,0.293820933,0.43373494,0.253701211,0.568,0.596491228,0.266840504,0.722278298,0.220789686,0.222998388,0.902702703,0.182330827,0.302455357,0.534731935,0.415185588
F,chr2,50758464,NRXN1,0.331858407,0.440891757,0.504060639,0.29494382,0.442424242,0.44973545,0.466993756,0.333283482,0.487663551,0.272480304,0.401787995,0.34089101,0.5,0.369318182,0.486393635,0.414084507,0.25724697,0.367847411,0.338709677,0.464094319,0.148514851,0.418404908,0.269658562,0.409427406,0.575382538,0.418553367,0.332389046,0.418149466,0.463427377,0.390963578,0.496674268
F,chr2,190531946,ASNSD1,0.252463582,0.488751377,0.365997826,0.270888813,0.283491829,0.293701622,0.350177778,0.355409147,0.432384604,0.232559521,0.331653871,0.369532739,0.456643826,0.299105552,0.407896674,0.369523278,0.263308222,0.277501601,0.399886198,0.293376962,0.46343255,0.425026229,0.311990144,0.402289787,0.151793355,0.288344712,0.402137306,0.408678637,0.304822142,0.319471052,0.394020626
F,chr3,37055953,MLH1,0.293103448,0.382105263,0.278688525,0.224025974,0.538860104,0.438202247,0.431111111,0.245283019,0.406315789,0.292682927,0.326011561,0.453846154,0.438356164,0.308868502,0.392548596,0.513422819,0.175932442,0.211538462,0.243243243,0.35311284,0.082474227,0.43533123,0.283358321,0.581943081,0.375328084,0.187713311,0.17921147,0.372972973,0.388888889,0.385448916,0.44516129
F,chr3,124464124,,0.234958602,0.348092231,0.416126243,0.207337597,0.150197628,0.387237128,0.421820098,0.356721416,0.37395278,0.19972911,0.321303842,0.283194058,0.296008869,0.329766537,0.323747981,0.239597622,0.193876671,0.182350644,0.285198556,0.352828011,0.169153554,0.322731403,0.379326047,0.437695679,0.086638125,0.323039787,0.244848485,0.336532508,0.175648703,0.245951417,0.408532176
F,chr4,100532534,MTTP,0.513473332,0.519290523,0.657012006,0.594699805,0.518037518,0.649769585,0.664059723,0.743857209,0.663256607,0.402598775,0.448260177,0.444372574,0.605291577,0.483784747,0.553110523,0.495899539,0.39000484,0.402748092,0.426108374,0.226710635,0.25091671,0.515181195,0.084514576,0.366326784,0.589100817,0.299232737,0.339111111,0.453652548,0.428041543,0.454834606,0.440602342
F,chr5,112175328,APC,0.587078652,0.801632653,0.786538462,0.506912442,0.697183099,0.761904762,0.799599198,0.739,0.912987013,0.604565083,0.747720365,0.738219895,0.901315789,0.803603604,0.868706811,0.697495183,0.602136182,0.659722222,0.780821918,0.755555556,0.916256158,0.755344418,0.82923588,0.836573074,0.623818526,0.750528541,0.696,0.646840149,0.632587859,0.708530806,0.860615883
F,chr5,140530222,PCDHB6,0.227355937,0.239623912,0.281416621,0.183938882,0.255877034,0.225176325,0.174154945,0.162419424,0.307969442,0.211393795,0.229455857,0.210825234,0.24385613,0.302939301,0.27139771,0.172190899,0.121095783,0.186239982,0.230518531,0.289285298,0.27098152,0.307322128,0.241493752,0.229197795,0.271991656,0.151992169,0.369810668,0.267749892,0.221905594,0.294693894,0.283461259
F,chr6,80626363,ELOVL4,0.284900285,0.234234234,0.375502008,0.263374486,0.322580645,0.376744186,0.351515152,0.2,0.244186047,0.252054795,0.473880597,0.256097561,0.422535211,0.418454936,0.367816092,0.487922705,0.30859375,0.30625,0.467741935,0.459459459,0.300847458,0.465686275,0.302816901,0.435672515,0.334532374,0.193641618,0.443636364,0.271028037,0.358208955,0.215189873,0.313131313
F,chr7,94992156,,0.293933709,0.481316348,0.370938299,0.191074796,0.345588235,0.258426966,0.420470263,0.239909183,0.400419776,0.227889151,0.264254386,0.359819413,0.419689119,0.295690936,0.406750953,0.33778626,0.252872112,0.179700499,0.399193548,0.346575798,0.227765727,0.25511811,0.335799598,0.390386428,0.149496885,0.152134966,0.331209269,0.109620253,0.36127451,0.290654206,0.352233677
F,chr8,120233909,MAL2,0.153743217,0.34368745,0.27664007,0.152990417,0.197482793,0.248216633,0.24084468,0.277015529,0.31453122,0.23411102,0.201404826,0.300703764,0.216822548,0.281366188,0.250692938,0.271294834,0.213486614,0.22554415,0.277456959,0.397665176,0.263154448,0.307371841,0.472357554,0.474713984,0.195522712,0.234546359,0.18351652,0.056637012,0.217071899,0.247481078,0.338779797
F,chr10,106130701,CCDC147,0.37919708,0.396459908,0.395638926,0.321197886,0.317703349,0.371124889,0.351824384,0.257081039,0.325102399,0.283407572,0.365010799,0.38896259,0.283323371,0.319095477,0.438201788,0.21233739,0.316257352,0.297134238,0.322654462,0.376424692,0.355555556,0.307638647,0.276558513,0.402620035,0.233805433,0.341909993,0.35661666,0.087641951,0.33682266,0.371998019,0.352127114
F,chr11,49598380,,0.195833333,0.445405405,0.457583548,0.268041237,0.2,0.386666667,0.230496454,0.351351351,0.323671498,0.279805353,0.296251511,0.352583587,0.395348837,0.50877193,0.436036036,0.285714286,0.161117078,0.255172414,0.338983051,0.525773196,0.316939891,0.523131673,0.267950963,0.43289225,0.261576971,0.304900181,0.408060453,0.309352518,0.404545455,0.257692308,0.434673367
F,chr12,9004533,A2ML1,0.257658643,0.252981838,0.355906921,0.22828233,0.124210526,0.369674185,0.48440678,0.26673287,0.332983193,0.247017544,0.358159076,0.346180922,0.300156331,0.297156727,0.408611132,0.296633303,0.2394901,0.208714872,0.314027149,0.256968537,0.114480198,0.32045929,0.446016245,0.397019117,0.25175169,0.350701944,0.482686254,0.422145329,0.128974205,0.397277754,0.382389589
F,chr12,100957169,NR1H4,0.216804979,0.299421111,0.331982438,0.347014925,0.359073359,0.403284672,0.337820234,0.400821089,0.38698941,0.257401636,0.333848797,0.304668305,0.415132924,0.31747851,0.346532156,0.304457527,0.195982751,0.258492569,0.468,0.17907748,0.304109589,0.377341659,0.18179006,0.107177655,0.307930156,0.12006079,0.232769831,0.321104005,0.411009174,0.244255921,0.399385561
F,chr13,42486245,KIAA0564,0.149590164,0.36659436,0.347949081,0.261075949,0.39869281,0.397212544,0.37033195,0.484937546,0.480889507,0.33557047,0.298743602,0.296460177,0.384196185,0.382467532,0.39878696,0.26124031,0.25616836,0.24701012,0.329896907,0.327282158,0.308360478,0.383363472,0.258306962,0.514447884,0.232819074,0.403660886,0.402959831,0.161626694,0.323775388,0.307514451,0.456756757
F,chr15,42113840,MAPKBP1,0.335819936,0.199153454,0.316911069,0.200141919,0.206066012,0.35764202,0.554235873,0.329581402,0.528071886,0.326120344,0.270033641,0.277623591,0.320925553,0.413782459,0.355564493,0.290028442,0.31898458,0.197968554,0.375161708,0.465645416,0.374496475,0.253489127,0.242602147,0.301909722,0.114560162,0.158090907,0.518013857,0.293278575,0.213143872,0.285825017,0.369167076
F,chr15,74921025,CLK3,0.147757256,0.3183391,0.355694228,0.29494382,0.164319249,0.402985075,0.235294118,0.416666667,0.546728972,0.307277628,0.301818182,0.393442623,0.310126582,0.332417582,0.333333333,0.114779874,0.334250344,0.202931229,0.235294118,0.25,0.182108626,0.324242424,0.221428571,0.342222222,0.262536873,0.204878049,0.109090909,0.219512195,0.095238095,0.369863014,0.480968858
F,chr16,10865542,FAM18A,0.139916861,0.432407063,0.294409691,0.300626768,0.329290479,0.303018772,0.370414002,0.280696679,0.403942254,0.239220459,0.363514719,0.323446199,0.377790076,0.375909458,0.327428751,0.27621232,0.181176087,0.188724319,0.303014553,0.361745828,0.392220903,0.286620393,0.308294728,0.392939348,0.230967972,0.403711871,0.356012161,0.171727569,0.223681706,0.312659033,0.314431818
F,chr19,14513528,CD97,0.218346801,0.268652091,0.423164388,0.235296486,0.276074074,0.27968301,0.465257627,0.348737635,0.538290873,0.274670507,0.28037637,0.371554973,0.425552457,0.301616657,0.343359964,0.217100757,0.266273721,0.214108312,0.312506593,0.416971238,0.590438784,0.430310357,0.292870547,0.508581845,0.294132824,0.354767502,0.094258656,0.007740536,0.21764855,0.321591397,0.420614955
F,chr22,34000394,,0.281550474,0.35785027,0.382621673,0.336920977,0.20241842,0.367403315,0.359306842,0.437609369,0.371035439,0.245798062,0.376500485,0.299916417,0.295716113,0.229262158,0.381664392,0.249606522,0.259837013,0.259732375,0.339679622,0.178214988,0.280737268,0.355828485,0.26379196,0.288877845,0.323089679,0.182508263,0.355227361,0.169248851,0.271157302,0.39878588,0.415456694
F,chr6,74107414,DDX43,0.151126459,0.417995217,0.318803846,0.258068966,0.297691785,0.382036775,0.456924546,0.261172612,0.424311927,0.246803069,0.323104265,0.328016241,0.299861496,0.294227381,0.303035994,0.326175041,0.209642897,0.211133102,0.282980456,0.275261324,0.492460146,0.258108822,0.30833679,0.424267836,0.308144599,0.247593741,0.26405183,0.349445676,0.259537572,0.295144427,0.349484536
F,chr17,45669359,NPEPPS,0.142184082,0.121524716,0.154307324,0.114851322,0.146342539,0.113052,0.11322151,0.138908859,0.160224061,0.10843692,0.139419127,0.139357302,0.143067888,0.122797593,0.169404743,0.094462012,0.127247251,0.113183727,0.109913793,0.13481487,0.058806125,0.105407978,0.081217044,0.10975521,0.152343461,0.16313981,0.131876994,0.182910751,0.116674865,0.125783217,0.113855941
F,chr19,41631716,,0.234429066,0.339391186,0.278840897,0.267006803,0.190184049,0.236074271,0.224561404,0.164510166,0.167857143,0.253639847,0.256529851,0.386873921,0.31598513,0.29950495,0.248263889,0.296022202,0.194859038,0.225522042,0.273469388,0.157564906,0.329928498,0.205724508,0.294845361,0.25076266,0.304126101,0.147375505,0.213114754,0.310961969,0.454819277,0.308333333,0.212446352
,,,,,,,,,,,,,,,,,,,,,,,,,,,,,,,,,,
,spot,,,17,2,12,13,14,23,1,28,29,30,31,25,8,4,5,7,9,3,6,20,24,28,10,11,12,13,14,16,17,18,19
,surf date,,,11/20/18,12/21/19,11/20/18,11/20/18,11/20/18,11/20/18,12/21/19,12/21/19,12/21/19,12/21/19,12/21/19,12/21/19,11/20/18,11/20/18,11/20/18,11/20/18,12/21/19,11/20/18,11/20/18,11/20/18,11/20/18,11/20/18,12/21/19,12/21/19,12/21/19,12/21/19,12/21/19,12/21/19,12/21/19,12/21/19,12/21/19
,slide,,,A5,A5,A6,A6,A6,A5,A5,A6,A6,A6,A6,A6,A6,A6,A6,A6,A5,A6,A6,A5,A5,A5,A5,A5,A5,A5,A5,A5,A6,A6,A6
,phenotype,,,super,super,inv,inv,inv,inv,super,inv,inv,super,super,inv,inv,super,inv,super,inv,inv,inv,super,super,super,inv,inv,super,inv,super,super,super,inv,inv
,subclone,,,A1,A1,S1,S1,S1,S1,S1,S1,S1,S1,S1,S1,S2,S3,S3,S3,S3,B1,B1,B1,B1,B1,B1,B1,B1,B1,B1,B1,B1,B1,B1