tumor,chr,position,gene,H13_6MAF,h18MAF,h19MAF,h20MAF,h21MAF,h22MAF,h23MAF,h24MAF,h25MAF,h26MAF,mafH14x2,h11MAF,h12MAF,h14MAF,h15MAF,H1_C3MAF,H3_C4MAF,H4_C7MAF,h1MAF,H2_8MAF,H5_9MAF,h2e4MAF,mafH3x2,h7e6MAF,mafH9x2,mafH11x2,h6MAF,h8MAF,H6_C8MAF,H7_C9MAF,H8_C1MAF,H9_D3MAF,H10_D4MAF,H11_D6MAF,H12_D7MAF,H14_D8MAF,H16_10MAF,H15_D9MAF,h17MAF
H,19,42480666,ATP1A3,0.001088139,0.00045,0.00125,0.00078,0,0,0.00167,0,0.00088,0.00123,0.017699115,0,0,0,0,0.000597818,0.000390442,0.00026356,0,0.000669568,0.002712477,0,0,0,0,0.002570694,0.00181,0.00181,0.00055284,0.000683527,0.00058812,0.003542452,0.000303611,0.000551086,0.000727379,0,0,0.000372654,0
H,7,54621709,nocode,0.000485437,0,0,0,0,0,0,0,0,0,0,0,0,0,0,0,0,0,0,0.000290107,0.001160766,0,0,0.00287,0,0,0,0,0.000172058,0,0,0,0,0.000236016,0,0,0.002522068,0,0.00383
H,8,65528435,CYP7B1,0,0.00181,0.00181,0.00269,0,0,0,0.00487,0.00512,0,0,0.00162,0.02078,0,0.00709,0,0,0,0,0,0,0,0,0,0,0,0.00286,0.00286,0,0,0,0,0,0,0,0,0,0,0
H,11,9861169,SBF2,0.000900766,0.03765,0.00523,0.00119,0,0.0044,0.01716,0.00041,0,0.00789,0,0,0.00037,0.00066,0.00035,0.000242383,0.000261799,0.000336205,0,0.001786626,0.0003465,0,0,0.00938,0.00280112,0.003076923,0.00037,0.00037,0.016183219,0.000515763,0.000204446,0.000748009,0.000226776,0.000380807,0.005010639,0.000271475,0,0.057649502,0
H,15,45426105,DUOX1,0,0,0.00622,0,0,0,0,0,0,0,0,0,0,0,0,0.000937647,0.001015916,0.001851852,0.0026,0.013574661,0,0,0,0,0,0,0,0,0,0.000543922,0.000980392,0.005514706,0.000384837,0,0,0.003797468,0.024691358,0.000541272,0
H,18,57022755,LMAN1,0.000413052,0,0.02222,0,0,0,0,0,0,0,0,0,0,0.01471,0,0,0,0.002409639,0,0.014566642,0,0,0.011235955,0,0,0,0,0,0.001784121,0.008257638,0,0,0.001126126,0,0.002854424,0,0,0.000484731,0
H,7,99123856,ZKSCAN5,0.000110632,0.00176,0,0.00287,0,0.01171,0,0,0.00074,0,0,0,0.00714,0.00778,0,0.000602138,0.001227747,0.000268001,0.00221,0.00021438,0,0,0.001897533,0,0.00170068,0,0,0,0,0.003077747,0.000412499,0.000357015,0.000300066,0.000176398,0,0,0.003506949,0.000285083,0.11081
H,7,114332324,nocode_1,5.72E-05,0.00131,0.00096,0.00105,0.00099,0.00123,0.00136,0.00127,0.00166,0.00121,0.000500563,0.00134,0.00184,0.00092,0.00114,0.000100283,6.20E-05,7.36E-05,0.00098,5.17E-05,7.44E-05,0.0006,0.000727273,0.00092,0.000153586,0.000332373,0.00097,0.00097,5.43E-05,5.07E-05,0.000116253,6.72E-05,4.70E-05,4.71E-05,7.78E-05,6.69E-05,2.78E-05,4.03E-05,0.18842
H,1,152081926,TCHH,0.000415081,0.00074,0.00029,0.0016,0,0.00195,0.0006,0.00437,0.00165,0.0004,0,0.00084,0.00043,0.00109,0.00276,2.47E-05,0.000186414,0.000142687,0,0.000174672,7.53E-05,0.36906,0.42705072,0.35708,0.473684211,0.330955777,0.35622,0.35622,0.362983223,0.441987498,0.677856834,0.384107851,0.126422543,0.477391346,0.4156641,0.48418161,0.362675715,0.181965693,0.08838
H,17,78321964,RNF213,0.00024432,0.00141,0.00081,0.00089,0.0016,0.00221,0.00028,0.00448,0.00216,0,0,0.00131,0.00043,0,0.00108,0.00107778,0.000252416,0.000201877,0.00266,0.000960546,0.000573312,0.4284,0.416282642,0.24413,0.427427427,0.260962567,0.38632,0.38632,0.263464131,0.405741351,0.50539875,0.169715149,0.20737114,0.443707366,0.292373239,0.319673371,0.352437157,0.463528692,0.10443
H,5,175919216,FAF2,0.000138436,0.00282,0.00298,0.00229,0.03817,0.00243,0.00215,0.00421,0.00307,0.00168,0,0.00321,0.0042,0.00271,0.00579,0.309953276,0.222162124,0.671888418,0.39233,0.548946091,0.052200236,0.38486,0.402705515,0.16719,0.223529412,0.251824818,0.37136,0.37136,0.341795634,0.362370205,0.347511492,0.310587387,0.209150468,0.259323989,0.383456905,0.5489671,0.226137281,0.277960998,0.00983
H,1,152286834,FLG,0,0.02235,0.01571,0.01155,0.02151,0.01165,0.01322,0.01659,0.01618,0.01476,0.004576659,0.01726,0.01217,0.01911,0.01924,0.326857698,0.240678263,0.449657307,0.4399,0.335501408,0.229425232,0.39941,0.40785169,0.30339,0.422018349,0.254545455,0.41118,0.41118,0.44946197,0.356709728,0.47484639,0.415815681,0.097003745,0.381956362,0.379024546,0.542091534,0.43273906,0.3261079,0.37224
H,4,41984018,DCAF4L1,0.00086881,0.00312,0,0,0,0,0,0,0,0,0,0,0,0,0,0.174957762,0.353398647,0.150678353,0.2931,0.417551085,0.128733997,0.24138,0.465517241,0.19565,0.410714286,0.345454545,0.26374,0.26374,0.315756036,0.361898484,0.414003693,0.364990689,0.15918442,0.228989613,0.335526316,0.359442836,0.361256545,0.253510274,0.2625
H,5,89925268,GPR98,0,0,0,0,0,0,0,0,0,0,0,0,0,0,0,0.273458445,0.38934056,0.276818742,0.42857,0.585826772,0.175644028,0.4,0.433962264,0.32911,0.65625,0.3,0.37278,0.37278,0.376851852,0.399193548,0.423076923,0.407451923,0.108148148,0.467523681,0.389195149,0.434679335,0.52173913,0.412412412,0.44371
H,6,110777825,SLC22A16,0.000316446,0.0003,0,0.00292,0,0.00103,0.0035,0,0,0.01203,0,0.00065,0.00109,0.00136,0,0.272192064,0.376666616,0.819063911,0.41858,0.477050579,0.269998974,0.38825,0.346883469,0.33075,0.42484472,0.355987055,0.40481,0.40481,0.385622122,0.291759125,0.381774036,0.477636304,0.078485262,0.326789282,0.383447906,0.516192985,0.386780418,0.468203998,0.3
H,7,42064932,GLI3,0,0.0016,0.00036,0.00207,0.00091,0.00074,0.00551,0.00143,0.00448,0.00086,0,0.00184,0.00088,0.00417,0.00108,0.138263837,0.252205062,0.271290092,0.22175,0.32626132,0.381860646,0.16098,0.170960187,0.20872,0.229357798,0.144886364,0.26762,0.26762,0.196686143,0.180437799,0.241624077,0.228940522,0.092304239,0.201536891,0.225201426,0.340109796,0.173716012,0.328718233,0.20187
H,8,97978205,PGCP,0,0.00115,0.00131,0.0009,0.00138,0.00119,0.00107,0.0011,0.00128,0.00075,0,0.00063,0,0.00112,0.00087,0.219437183,0.230179984,0.346956854,0.29336,0.285333601,0.360592487,0.29307,0.305514158,0.21673,0.302263648,0.272727273,0.28289,0.28289,0.214261023,0.319662139,0.296383034,0.283708876,0.070460898,0.221015965,0.271171437,0.232828373,0.172951886,0.192888207,0.26497
H,1,75005965,FPGT-TNNI3K,0,0.01488,0,0,0,0,0,0,0,0,0,0,0.00576,0,0,0.236480293,0.304039059,0.442084942,0.35366,0.388489209,0.780701754,0.24324,0.375,0.30952,0.392857143,0.219512195,0.45699,0.45699,0.318112633,0.431372549,0.475,0.404903418,0.116332117,0.445868033,0.408196721,0.522005246,0.542857143,0.367281106,0.33577
H,1,228467594,OBSCN,0.02683452,0.46979,0.47153,0.38845,0.45,0.3969,0.38074,0.48815,0.41213,0.26667,0.215384615,0.46429,0.3031,0.47727,0.47284,0.383518287,0.240899257,0.253447827,0.37679,0.517636553,,0.34783,0.409326425,0.12214,0.402234637,0.260869565,0.28354,0.28354,0.331082886,0.354213203,0.590709559,0.501349865,0.664778378,0.243748641,0.28685259,0.759779277,0.456450654,0.61467611,0.33796
H,1,242020651,EXO1,0.044878641,0.30482,0.24199,0.31461,0.24139,0.2426,0.18593,0.22429,0.22516,0.27482,0.202505219,0.34394,0.15306,0.22753,0.1956,0.253897817,0.210650465,0.319196429,0.30552,0.387237524,0.298200051,0.43651,0.378095238,0.29831,0.464770524,0.297546012,0.33054,0.33054,0.332270252,0.352736812,0.30582747,0.288544766,0.331858227,0.204489668,0.287337171,0.40233738,0.36254909,0.219643778,0.28471
H,2,55253247,RTN4_1,0.207917129,0.34384,0.22523,0.27182,0.24297,0.40966,0.30732,0.22138,0.38673,0.44444,0.275482094,0.3012,0.19976,0.39891,0.34234,0.210801394,0.235549975,0.502647276,0.40323,0.501408451,0.681680774,0.38065,0.357733176,0.27968,0.376916868,0.290556901,0.40904,0.40904,0.443418867,0.368147208,0.402041188,0.427470217,0.473304132,0.402260638,0.401050621,0.488104971,0.533762058,0.240387986,0.35815
H,2,55253465,RTN4_2,0.279087029,0.418,0.28421,0.21856,0.31202,0.23183,0.32754,0.25745,0.18194,0.39847,0.175257732,0.22736,0.18363,0.31984,0.21235,0.310158623,0.30822904,0.483344948,0.37795,0.470669746,0.18502994,0.37143,0.32173913,0.27273,0.450704225,0.35483871,0.38532,0.38532,0.31593541,0.366915423,0.414909802,0.427576091,0.529911805,0.36475604,0.379720641,0.422231615,0.350867052,0.322647449,0.29598
H,4,89363481,HERC6,0.113065327,0.31415,0.28283,0.29426,0.25735,0.26301,0.32587,0.18405,0.33842,0.30495,0.114942529,0.21214,0.16779,0.19202,0.14539,0.334594926,0.166579671,0.626638253,0.28286,0.434950774,0.207762557,0.39189,0.382165605,0.34471,0.425742574,0.266272189,0.41291,0.41291,0.41678527,0.319813352,0.461968034,0.446328671,0.210638359,0.292026709,0.378976487,0.7278408,0.340425532,0.488096754,0.31201
H,5,82833897,VCAN,0.137888957,0.47841,0.44615,0.44974,0.34307,0.42574,0.42636,0.43077,0.47328,0.3806,0.214285714,0.40741,0.23587,0.32653,0.27346,0.269168026,0.30159979,0.46225924,0.35417,0.489361702,0.473551637,0.32927,0.37037037,0.31579,0.483870968,0.351351351,0.41494,0.41494,0.259526938,0.296240602,0.409645233,0.356540084,0.398725409,0.404115996,0.33919598,0.400141643,0.469902913,0.461176471,0.46667
H,9,13193198,MPDZ,0.218967988,0.40763,0.48122,0.36259,0.4646,0.4,0.43023,0.491,0.48875,0.40354,0.205882353,0.45711,0.26438,0.38513,0.2632,0.315698677,0.244947343,0.547975192,0.37963,0.45812173,0.218143243,0.2625,0.351473923,0.3028,0.375,0.311046512,0.47419,0.47419,0.316873391,0.457039436,0.389478042,0.358559499,0.478273154,0.341652506,0.423832221,0.503768762,0.412717125,0.301702353,0.35901
H,12,10147807,CLEC1B,0.110166241,0.30652,0.2393,0.30128,0.44102,0.31643,0.2794,0.21934,0.26395,0.35807,0.090225564,0.19493,0.0985,0.17552,0.20821,0.299243426,0.296613164,0.309387799,0.37155,0.468173652,0.078990277,0.39199,0.4125,0.27045,0.205741627,0.32112069,0.0634,0.0634,0.327120151,0.380082048,0.39650924,0.305031071,0.388495605,0.13392041,0.330716963,0.422786458,0.391704251,0.28903405,0.17653
H,12,40697953,nocode_2,0.358703843,0.38024,0.43548,0.36458,0.30385,0.39249,0.49749,0.40187,0.48309,0.46809,0.295454545,0.48824,0.27959,0.35542,0.32704,0.298989899,0.221846847,0.382119683,0.30588,0.492753623,0.152610442,0.43182,0.4,0.31852,0.408450704,0.282051282,0.37984,0.37984,0.369449378,0.375311721,0.415229885,0.377376889,0.512426036,0.404802164,0.322525597,0.438705663,0.369318182,0.32034632,0.48837
H,17,38320127,CASC3,0.135702746,0.37997,0.23757,0.45946,0.2573,0.26374,0.25561,0.27133,0.21309,0.2955,0.360655738,0.39337,0.41385,0.47465,0.44218,0.334355828,0.234322508,0.291353383,0.49102,0.428427419,0.75,0.2963,0.45,0.2,0.540540541,0.225,0.37342,0.37342,0.309540976,0.37132948,0.69671807,0.403798101,0.413586996,0.461153846,0.387451258,0.604506605,0.379882813,0.262732795,0.24837
H,18,66513615,CCDC102B,0.47761194,0.4701,0.46061,0.46746,0.5,0.49385,0.45515,0.47556,0.49287,0.48361,0.296296296,0.45441,0.41624,0.4975,0.43466,0.480183426,0.477196136,0.496930878,0.46548,0.478873239,0.361445783,0.5,0.450704225,0.46324,0.655555556,0.579710145,0.49162,0.49162,0.539146868,0.397927949,0.53768546,0.528062601,0.599272286,0.48699643,0.508061966,0.655676941,0.32,0.543194269,0.49709
H,1,242271079,PLD5,0.085942818,0.25203,0.29399,0.33731,0.38953,0.25242,0.18419,0.25626,0.21701,0.32646,0.211796247,0.33354,0.20824,0.28336,0.25546,0.290843101,0.318696205,0.479241866,0.44527,0.469596111,0.273335778,0.48468,0.398473282,0.30216,0.338931298,0.257095159,0.3562,0.3562,0.260843936,0.324845488,0.379704787,0.389323435,0.455543675,0.291670286,0.362095384,0.471948483,0.340312547,0.47038639,0.32514
,,,,,,,,,,,,,,,,,,,,,,,,,,,,,,,,,,,,,,,,,,
,spot,,,13,18,19,20,21,22,23,24,25,26,14A,11,12,14,15,1,3,4,1A,2,5,2,3,7,9,1,6,8,6,7,8,9,10,11,12,14,16,15,17
,surf date,,,8/7/18,8/7/18,8/7/18,8/7/18,8/7/18,8/7/18,8/7/18,8/7/18,8/7/18,8/7/18,7/2/18,8/7/18,8/7/18,8/7/18,8/7/18,10/19/18,10/19/18,10/19/18,8/7/18,10/19/18,10/19/18,7/2/18,7/2/18,7/2/18,7/2/18,7/2/18,8/7/18,8/7/18,10/19/18,10/19/18,10/19/18,10/19/18,10/19/18,10/19/18,10/19/18,10/19/18,10/19/18,10/19/18,8/7/18
,slide,,,A10,C1,C1,C1,C2,C2,C2,A9,A4,A5,A11,A11,A11,A11,A11,A10,A10,A10,A11,A10,A10,A11,A11,A11,A11,A11,A11,A11,A10,A10,A10,A10,A10,A10,A10,A10,A10,A10,A11
,phenotype,,,inv,liver met,liver met,liver met,liver met,liver met,liver met,ln met,ln met,ln met,inv,inv,inv,inv,inv,super,inv,super,super,super,inv,super,super,super,super,super,super,super,inv,super,super,inv,inv,super,inv,super,super,super,super
,subclone,,,S1,S2,S2,S2,S2,S2,S2,S2,S2,S2,S2,S2,S2,S2,S2,S3,S3,S3,S3,S3,S3,B2,B2,B2,B2,B2,B2,B2,B2,B2,B2,B2,B2,B2,B2,B2,B2,B2,mix