tumor,chr,position,gene,mafM9x2,mafM13x2,m10c11MAF,m12a5MAF,m16c12MAF,mafM33x2,mafM37x2,m34e1MAF,m36e5MAF,mafM5x2,mafM3x2,mafM28x2,m29x3MAF,m30mafx3,m2c8MAF,m4c9MAF,m6c10MAF,m25d10MAF,m27d11MAF,m32d12MAF,m39b8MAF,mafM19x2,mafM21x2,m20d3MAF,m40e7MAF,m42b9MAF,m24d9MAF,mafM23x2,m22d4MAF
M,16,3293875,MEFV,0.297088532,0.281889764,0.26239,0.12607,0.40716,0,0,0.00095,0.00045,0.033208955,0.0010005,0,0.0010002,0.000436237,0.00036,0.0005,0.01953,0.00584,0.00044,0.00074,0.00063,0.002696872,0,0.00056,0.00054,0.00015,0.00027,0,0.00106
M,13,25374543,RNF17,0.354923481,0.471903323,0.16549,0.30232,0.44679,0.452883056,0.352123755,0.24226,0.35529,0.026287959,0.000344768,0.014029181,0.008633448,0.000285415,0.00247,0.00058,0.006,0.0036,0.00272,0.00854,0.0393,0.001210654,0.012611012,0.00033,0.00351,0.00817,0.00202,0.001040042,0.0108
M,1,71418677,PTGER3,0.394736842,0.336956522,0.20534,0.23316,0.38013,0.459770115,0.365853659,0.1713,0.34853,0.064102564,0,0,0.032967033,0,0.00887,0.0071,0.00062,0.00098,0.00208,0.00281,0.01923,0.015151515,0,0,0.00123,0,0.00062,0,0
M,3,121238787,POLQ,0.461649783,0.471177945,0.36872,0.31721,0.33786,0.515471698,0.3275,0.29588,0.38035,0.553699284,0.2384,0.474509804,0.335779025,0.438596491,0.47857,0.35639,0.45659,0.47293,0.499914015,0.39934,0.04506,0.005116543,0.004975124,0.00208,0.00415,0,0.00076,0.003584229,0.0005
M,7,92731894,SAMD9,0.444679725,0.383076923,0.2089,0.38514,0.2606,0.392196098,0.277777778,0.30707,0.44579,0.356390977,0.576653696,0.421558164,0.520597446,0.482504604,0.46433,0.44288,0.43416,0.48783,0.46186,0.4889,0.05956,0.001972387,0.002230483,0.00089,0.00056,0.00052,0.00034,0.000974184,0.00034
M,4,106164733,TET2,0.303571429,0.358974359,0.19384,0.35484,0.40872,0.458333333,0.45,0.22622,0.42988,0.604166667,0.630434783,0.447368421,0.423076923,0.254545455,0.42281,0.34797,0.46732,0.42549,0.46193,0.517241379,0.87804878,0.538461538,0.741935484,0.566395664,0.576923077,0.638888889,0,0,0
M,16,68835629,CDH1,0.325153374,0.321100917,0.27612,0.327,0.43478,0.356521739,0.233333333,0.32994,0.4589,0.271523179,0.511627907,0.287769784,0.370023419,0.572580645,0.41521,0.40645,0.44856,0.49743,0.45188,0.42346,0.4869,0.257575758,0.384615385,0.32822,0.46429,0.41953,0.42026,0,0
M,19,38103991,ZNF540,0.392928287,0.339134315,0.3537,0.22286,0.30757,0.377895753,0.250308566,0.25341,0.40832,0.365397351,0.483611825,0.397066527,0.230490158,0.376742095,0.41236,0.32721,0.36357,0.39939,0.46643,0.40378,0.38688,0.198440386,0.359254658,0.18845,0.32739,0.38635,0.25815,0.000632811,0.00033
M,4,55151624,PDGFRA,0.268907563,0.389189189,0.3885,0.35336,0.47983,0.37755102,0.432835821,0.29217,0.38715,0.42578125,0.777777778,0.395480226,0.231884058,0.089285714,0.44413,0.41098,0.44309,0.41442,0.47547,0.4706,0.18172,0.65,0.73255814,0.24909,0.33322,0.3062,0.43979,0.483870968,0.43752
M,5,112175303,APC,0.871859296,0.897515528,0.561035758,0.622516556,0.779622796,0.950381679,0.743362832,0.607753706,0.776115343,0.821100917,1,0.72386059,0.804347826,0.961098398,0.817937069,0.666737922,0.836458688,0.929677623,0.928013741,0.87851711,0.922603342,0.589552239,0.911242604,0.813389486,0.866220736,0.913306452,0.823810308,0.513513514,0.886214677
M,12,11461570,PRB4_1,0.694158076,0.711374408,0.06162,0.14894,0.06077,0.650047037,0.715740741,0.07782,0.12448,0.661129568,0.782608696,0.686735654,0.511583012,0.628514056,0.09773,0.09184,0.21902,0.17308,0.12048,0.15726,0.12658,0.74270399,0.65,0.11634,0.08021,0.08725,0.13141,0.686770428,0.05981
M,12,11461580,PRB4_2,0.519434629,0.364769423,0.2093,0.24138,0.22857,0.372853639,0.425488599,0.40625,0.23684,0.420801527,0.57362356,0.439578264,0.110629067,0.401162791,0.21429,0.26667,0.13095,0.07143,0.2,0.15556,0.08333,0.483173077,0.419734904,0.19444,0.22581,0.5,0.13725,0.533541342,0.40909
M,19,43382374,PSG1,0.251054852,0.350588235,0.20987,0.12932,0.20963,0.24,0.366666667,0.16748,0.25707,0.427104723,0.389090909,0.310416667,0.334146341,0.214839424,0.22411,0.3139,0.23038,0.25745,0.24709,0.23408,0.21189,0.320707071,0.388724036,0.27727,0.23061,0.28182,0.28735,0.360060514,0.29458
,,,,,,,,,,,,,,,,,,,,,,,,,,,,,,,,
,spot,,,9,13,10,12,16,33,37,34,36,5,3,28,29A,30,2,4,6,25,27,32,29,19,21,20,40,42,24,23,22
,surf date,,,6/4/18,6/4/18,6/4/18,6/4/18,6/4/18,6/4/18,6/4/18,6/4/18,6/4/18,6/4/18,6/4/18,6/4/18,6/4/18,6/4/18,6/4/18,6/4/18,6/4/18,6/4/18,6/4/18,6/4/18,6/4/18,6/4/18,6/4/18,6/4/18,6/4/18,6/4/18,6/4/18,6/4/18,6/4/18
,slide,,,A4,A4,A4,A4,A4,A3,A3,A3,A3,A4,A4,A3,A3,A3,A4,A4,A4,A3,A3,A3,A3,A4,A4,A4,A3,A3,A3,A4,A4
,phenotype,,,inv,inv,super,inv,super,inv,inv,super,super,inv,inv,inv,inv,inv,inv,super,super,super,super,super,inv,inv,inv,super,super,inv,super,inv,super
,subclone,,,A3,A3,A3,A3,A3,S2,S2,S2,S2,B1&3,B1&3,B1&3,B1&3,B1&3,B1&3,B1&3,B1&3,B1&3,B1&3,B1&3,S1,S1,S1,S1,S1,S1,B2,A1&2,A1&2