tumor,chr,position,gene,C16_8MAF,C4a_A12MAF,C19_B10MAF,c12e8MAF,c21e9MAF,C8_B6MAF,c1h1MAF,C2_A4MAF,C4_B4MAF,C5_1MAF,c33e10MAF,C22_B11MAF,C25_B12MAF,C35_C1MAF,C38_C2MAF,c37f8MAF
C,1,156905534,no code_1,0,0.002175489,0,0,0,0.002262443,0.002699055,0,0,0.000986518,0,0.005571031,0,0,0.00292,0
C,7,150923487,ABCF2,0.000598516,0.000437917,0.000840695,0.00047536,0.000373972,0.000772832,0.001164514,0.000498284,0.000615294,0.000897163,0.000921489,0.000524278,0.000563886,0.000360892,0.00107,0.001711773
C,9,141017720,no code_2,0.000175809,0.000465766,0.000468055,0.001061149,0.00039797,0.000847047,0.002089427,0.002232558,0.000428266,0.002165804,0.001293034,0.00040964,0.000415233,0.00095582,0.00195,0.004606202
C,13,19626212,no code_3,0.00047589,0.000832051,0.002383243,0.002203792,0.000601268,0.000578505,0.002628777,0.001804985,0.000621874,0.000455968,0.002909693,0.000675285,0.000638991,0.00166542,0.00316,0.003554967
C,2,133541134,NCKAP5,0,0,0,0,0,0,0,0,0,0,0,0,0.006024096,0,0,0
C,16,84228742,ADAD2,0,0.001754386,0,0,0,0,0,0,0,0,0,0,0.005405405,0,0,0
C,17,10243685,MYH13,0.001470663,0.001244345,0.00095678,0.000794966,0.000743439,0.001323386,0.00086309,0.001074353,0.001102563,0.00163944,0.000763344,0.001570659,0.000974373,0.001072449,0.00109,0.001467744
C,19,31768037,TSHZ3,0,0,0,0,0.009708738,0,0.008547009,0,0,0,0,0,0,0,0,0
C,1,152279733,FLG,0,0,0,0,0,0,0,0,0.002590674,0,0,0.004065041,0,0.005524862,0,0
C,21,32526647,TIAM1,0,0.311611955,0.001788553,0.000259943,0.003614854,0,0.002922333,0,0.001876525,0,0.000934754,0.000986842,0.001293183,0.000899888,0,0.001386535
C,14,77771069,POMT2,0.05,0.001579779,0,0.001751313,0,0.00177305,0,0,0,0,0,0.001501502,0,0,0,0.001430615
C,14,105169732,INF2,0.103448276,0.000832639,0,0,0,0.002164502,0,0.002702703,0.006920415,0,0,0,0,0,0.00377,0.004608295
C,13,25901102,NUPL1,0.26850508,0.274741291,0.353528801,0.000389294,0.000506688,0.000649632,0.00075662,0,0.001455075,0,0.001205885,0.003647139,0.000264271,0.001015022,0.00162,0.000726785
C,11,130275579,ADAMTS8,0.160592255,0.14379085,0.211764706,0.095238095,0,0,0,0,0,0.00082713,0,0,0,0,0,0
C,6,28137244,no code_4,0.239316239,0.274666667,0.401574803,0.398899587,0.394265233,0.281471004,0.007653061,0.001470588,0.00226142,0,0.001519757,0.003092146,0.000909918,0.000535619,0.00122,0.002237136
C,13,101910815,NALCN,0.255268117,0.276945426,0.374225301,0.413373037,0.424805313,0.26234472,0.000745573,0.001193982,0.00061654,0.005283492,0.00263395,0.000893733,0.00048852,0.000517241,0.0005,0.00532248
C,16,15814759,MYH11,0.280601305,0.258198331,0.366707329,0.385470737,0.404855805,0.26686583,0.000818742,0.000471334,0.000501808,0.010286456,0.000607653,0.000441715,0.001735911,0.000425518,0.00065,0.002305309
C,14,20483334,OR4K14,0,0.000252589,0.000911577,0.000955795,0.001471254,0.000188501,0,0.000702001,0.000665225,0,0.000568958,0.000672224,0.000343525,0.000283554,0.00093,0.309970489
C,12,49952499,MCRS1,0,0.002212389,0.001872659,0,0.007462687,0,0,0,0,0,0,0,0,0,0.00437,0.196498054
C,11,101000053,no code_5,0,0,0.00224165,0.002722453,0,0.002126528,0.001062699,0.003145891,0.000795545,0.002604167,0.384201586,0.400443022,0.438975663,0.3601723,0.36667,0.000479616
C,6,42147049,GUCA1A,0,0,0,0.016949153,0,0,0,0,0,0,0.433333333,0.333333333,0.481981982,0.4,0.39548,0.353982301
C,10,68687834,LRRTM3,0,0.000765697,0.000237192,0.000536289,0.001165954,0.002115656,0.001525165,0.002402883,0.000951734,0.005076142,0.360149254,0.332874016,0.375782473,0.323994397,0.34416,0.351490615
C,22,20229857,RTN4R,0.012931034,0,0,0,0,0.022857143,0,0,0,0,0.52,0.299465241,0.503731343,0.360824742,0.4726,0.469879518
C,5,140856554,PCDHGC3,0.004807692,0,0.002002002,0,0,0.001798561,0.003416856,0,0.001825928,0,0.356643357,0.392976589,0.41194487,0.39483066,0.38889,0.395979021
C,1,248263413,OR2L13,0.314582365,0.270790793,0.367458144,0.352783367,0.404573439,0.358915176,0.168772409,0.447856255,0.000117115,0.006696429,0.343053407,0.360766655,0.448294566,0.389423685,0.39987,0.275887692
C,4,6052406,JAKMIP1,0.294444444,0.248704663,0.380412371,0.391618497,0.453804348,0.310803004,0.22459893,0.501010101,0,0.024623803,0.354237288,0.357843137,0.388774812,0.413743737,0.39897,0.357142857
C,4,151829614,LRBA,0.229007634,0.291780822,0.388026608,0.409502262,0.399535424,0.325088339,0.138297872,0.515748031,0.000700771,0,0.322981366,0.296969697,0.441016334,0.378728923,0.42145,0.298387097
C,9,101304265,GABBR2,0.303448276,0.262648977,0.393485684,0.407139992,0.451126601,0.379583746,0.17114486,0.525350593,0.001240011,0,0.374144115,0.399683817,0.469871655,0.406883117,0.39043,0.338394564
C,10,105204402,PDCD11,0.47606383,0.385190726,0.538644471,0.538628159,0.584519573,0.41209564,0.248786408,0.617320503,0.011865035,0.009029345,0.48608137,0.551779502,0.586257669,0.503059976,0.45925,0.467556095
C,19,41307248,EGLN2,0.585995086,0.396109637,0.529021559,0.507720254,0.538341158,0.423503326,0.242484177,0.600338219,0,0,0.506434519,0.453586498,0.557503868,0.616981132,0.46883,0.472024415
C,2,3750104,ALLC,0.368852459,0.316186557,0.419254658,0.485714286,0.47300216,0.395592287,0.174107143,0.544585987,0.486192847,0.56660746,0.508591065,0.393096342,0.552169898,0.412541254,0.46612,0.441791045
C,3,147128731,ZIC1,0.297297297,0.259405941,0.386792453,0.372474747,0.413669065,0.2989449,0.163682864,0.490853659,0.367074527,0.350364964,0.373846154,0.393454545,0.449460255,0.450941526,0.38473,0.334548769
C,4,985278,SLC26A1,0.596491228,0.408319185,0.488586957,0.52,0.443965517,0.442048518,0.234689316,0.687713311,0.552995392,0.47983871,0.598173516,0.427236971,0.544419134,0.424242424,0.48394,0.55721393
C,4,25759356,SEL1L3,0.261613692,0.259827421,0.389057751,0.372307692,0.34537246,0.326775021,0.070512821,0.45,0.325428195,0.406844106,0.328571429,0.318692543,0.392,0.367605634,0.35574,0.36
C,4,52861790,LRRC66,0.296296296,0.244691608,0.332508251,0.33758639,0.392805755,0.295180723,0.164383562,0.460154242,0.349642005,0.37037037,0.33409821,0.356981982,0.380107941,0.365523466,0.30948,0.336296296
C,4,100540227,MTTP,0.280254777,0.295760599,0.384951881,0.405667412,0.395846853,0.387682988,0.191176471,0.4453125,0.397962154,0.55,0.405882353,0.354413702,0.412437455,0.407112201,0.3965,0.367950865
C,4,114279823,ANK2,0.345718901,0.245899827,0.358477347,0.386794249,0.408158508,0.317828665,0.151615272,0.45725705,0.333653868,0.398597354,0.351253011,0.360572751,0.425928556,0.341229516,0.33567,0.319732797
C,4,126371652,FAT4,0.454545455,0.278911565,0.298136646,0.206521739,0.237623762,0.316993464,0.218181818,0.385542169,0.371937639,0.4375,0.287234043,0.323287671,0.358024691,0.373695198,0.30827,0.296551724
C,4,154525459,KIAA0922,0.288095238,0.275966097,0.380713838,0.390341668,0.411427548,0.347983385,0.149592022,0.4437751,0.385719237,0.425233645,0.326130154,0.32421875,0.423578751,0.360858257,0.36234,0.330343511
C,5,79034826,CMYA5,0.210526316,0.244897959,0.430555556,0.318965517,0.398148148,0.345360825,0.149253731,0.561403509,0.347972973,1,0.320987654,0.361344538,0.467889908,0.407514451,0.32222,0.323076923
C,6,147085229,C6orf103,0.318453227,0.25482349,0.384505432,0.351867823,0.412457988,0.334464671,0.152954809,0.433396019,0.374413817,0.366568915,0.343174483,0.364950316,0.409820174,0.385641301,0.38433,0.334824727
C,7,45725759,ADCY1,0.263975155,0.218487395,0.338738739,0.379521766,0.344649446,0.324929972,0.138246838,0.464321608,0.26107072,0.382293763,0.324757282,0.30227882,0.386526781,0.337333333,0.39782,0.330498647
C,7,127014479,ZNF800,0.276086957,0.270697491,0.364586964,0.405863754,0.39856528,0.345548317,0.158566519,0.602671756,0.361251261,0.338430173,0.358115651,0.348962656,0.41631306,0.357860671,0.39885,0.348738605
C,11,30033926,KCNA4,0.248543689,0.241682975,0.32278481,0.379778393,0.382565067,0.272898961,0.155995021,0.399974773,0.310188416,0.366147115,0.350643955,0.270613503,0.365512536,0.315750371,0.34183,0.311785182
C,12,25398284,KRAS,0.232876712,0.25615589,0.33387743,0.387714663,0.407591241,0.270008084,0.159467604,0.422752294,0.350393368,0.354661792,0.320736434,0.337746057,0.436755848,0.401890898,0.35732,0.325299021
C,12,117680471,NOS1,0.326683292,0.286574008,0.379294857,0.384063173,0.458646617,0.330349766,0.16993737,0.483438779,0.433885084,0.550561798,0.370773959,0.377805836,0.443385856,0.400247242,0.4092,0.325201825
C,13,26594483,no code_6,0.307692308,0.290172333,0.391681109,0.426169591,0.428453947,0.288554217,0.157024793,0.483362522,0.393380358,0.308823529,0.372623574,0.353574927,0.435236769,0.380321285,0.41942,0.371034483
C,13,33638053,KL,0.306122449,0.281512605,0.388888889,0.37260274,0.384615385,0.320408163,0.150684932,0.43315508,0.393681652,0.322580645,0.336134454,0.345679012,0.400497512,0.359661495,0.43885,0.308724832
C,13,96242599,DZIP1,0.279134295,0.247949442,0.365460595,0.376835921,0.377198124,0.334121929,0.138218595,0.453125,0.350513573,0.315691667,0.330329992,0.32657176,0.40757759,0.378413852,0.36314,0.30324165
C,18,64202270,CDH19,0.312708736,0.318105091,0.377289899,0.361765165,0.395299895,0.309058173,0.213890596,0.817186645,0.379050727,0.375634518,0.348176326,0.333318714,0.415648751,0.379146146,0.35208,0.317160368
C,19,44933147,ZNF229,0.405677656,0.314653192,0.460621762,0.473529412,0.477653631,0.356361149,0.202362205,0.520426288,0.448009166,0.423975091,0.454460094,0.364616613,0.495045239,0.428030303,0.44383,0.420387532
C,19,54617932,TFPT,0.328117113,0.318974686,0.359188142,0.403144654,0.392610351,0.270118964,0.155080214,0.450534759,0.311746032,0.404242781,0.316236334,0.345352639,0.414796484,0.37793667,0.38011,0.32459581
C,12,6125391,VWF,0.160907859,0.167740047,0.236564056,0.241021299,0.269419127,0.18506348,0.10827214,0.288879989,0.210139833,0.237998733,0.220228456,0.209788175,0.279367305,0.257208674,0.25802,0.223644183
C,12,52713014,KRT83,0.2,0.21826809,0.353170478,0.333080999,0.394034537,0.259259259,0.165801572,0.793445122,0.250225836,0.342592593,0.314159292,0.316943128,0.396465617,0.313458262,0.38478,0.341781318
C,2,234638329,UGT1A3,0.262612036,0.23022598,0.335623503,0.334345316,0.358250387,0.254523347,0.161377635,0.420459922,0.321301382,0.348379082,0.306930962,0.337069363,0.386088747,0.336848275,0.33989,0.291264715
C,4,9784785,DRD5,0.519893899,0.451200915,0.35266648,0.414944867,0.45391595,0.455329636,0.228300307,0.311222781,0.401092377,0.455902307,0.32183908,0.377024098,0.372041782,0.423131171,0.34307,0.369847986
C,7,72400603,POM121,0.272727273,0.276632302,0.350078493,0.37524558,0.42712294,0.330188679,0.140319716,0.439490446,0.324378109,0.355889724,0.298196949,0.369318182,0.398639456,0.333910035,0.37372,0.299614644
,,,,,,,,,,,,,,,,,,,
,spot,,,16,4A,19,12,21,8,1,2,4,5,33,22,25,35,38,37
,surf date,,,5/29/18,5/29/18,5/29/18,5/29/18,5/29/18,5/29/18,5/29/18,5/29/18,5/29/18,5/29/18,5/29/18,5/29/18,5/29/18,5/29/18,5/29/18,5/29/18
,slide,,,A9,A9,A9,A9,A9,A9,A18,A16,A9,A9,A26,A26,A26,A26,A26,A26
,phenotype,,,super,super,super,super,super,super,met,met,super,super,super,super,super,super,super,super
,subclone,,,N7,N6,N5,N4,N3,N3,N2,N2,N1,N1,B1,B1,B1,B1,B1,N8