tumor,chr,position,gene,t3MAF,t4MAF,T5_G4MAF,t1MAF,t11MAF,mafT7x2,t6MAF,t7MAF,t8MAF,t9MAF,t12MAF,T10_G5MAF,T13_G6MAF,mafT3x2,mafT9x2,mafT10x2,mafT11x2,mafT14x2,mafT1x2,T5_G1MAF,T8_G2MAF,mafT4x2,mafT6x2,T2_F12MAF,T13_G3MAF,mafT12x2
T,2,96953206,SNRNP200,0,0,0,0,0,0,0,0,0,0,0,0.00076,0,0,0.00081,0.0005,0,0,0.002624672,0.00053,0.03166,0,0,0.00069,0.00108,0
T,5,37007539,NIPBL,0,0,0.00047,0,0,0,0,0.00076,0.00046,0,0,0.00039,0,0,0.00019,0.00037,0,0,0,0.00151,0.02574,0,0,0,0,0
T,12,9258855,A2M,0.00046,0.00267,0.00044,0.00051,0.00027,0.000379507,0.00028,0.00019,0.00753,0.00032,0.00031,0.0009,0.0004,0.001605689,0.00171,0.00127,0.00028,0.001624036,0.001353791,0.00033,0.00229,0.000862542,0.000205973,0.00114,0.00052,0.001408699
T,12,70983947,PTPRB,0,0,0,0,0.00573,0,0,0,0,0,0,0.01225,0,0,0,0,0.01333,0,0,0,0,0,0,0,0.00299,0
T,16,53340218,CHD9,0,0.00057,0.00052,0.00034,0,0.000759494,0,0.00067,0.00468,0.0003,0.00034,0.00005,0,0.000683177,0.00256,0.00055,0.00015,0.002148689,0.000432776,0.00078,0.00448,0.001129518,0.000356125,0.00108,0.00087,0
T,16,89349513,ANKRD11,0.00309,0,0,0,0,0,0,0,0.00734,0.00305,0.00347,0.0008,0,0,0,0,0,0,0,0,0,0,0,0,0.0033,0
T,3,1371595,CNTN6,0,0.00397,0,0,0.01004,0,0,0,0,0.00129,0.00141,0.00473,0,0.008547009,0.00693,0.00206,0.01061,0,0,0,0.00732,0,0,0.00153,0.0027,0.010526316
T,4,110446094,SEC24B,0.0261,0.00074,0.00013,0.01684,0.00024,0,0.00015,0,0.00754,0.00018,0,0.00229,0,0,0.00376,0.00171,0.0013,0,0,0.00018,0.00259,0,0,0.00074,0.00055,0
T,6,83861373,DOPEY1,0,0.0022,0,0,0,0.060773481,0.00239,0,0.00345,0,0,0.02358,0,0.312977099,0.35513,0.15067,0.26711,0.270588235,0.277486911,0.32478,0.20445,0.365758755,0.372881356,0.38817,0.37274,0.38410596
T,6,24445774,GPLD1,0,0,0,0,0,0,0.00236,0,0,0,0,0,0,0.023255814,0.04808,0.03125,0.03604,0,0.071428571,0.06081,0.05344,0.088235294,0.086956522,0.08252,0.09375,0.166666667
T,2,40392122,SLC8A1,0.03165,0,0.00146,0.06956,0.07084,0.068292683,0.0004,0.00064,0.01006,0.00031,0.00027,0.00032,0.00226,0.278606965,0.34489,0.1451,0.20158,0.282608696,0.302469136,0.31813,0.19199,0.25984252,0.26744186,0.37274,0.32804,0.284848485
T,13,77786186,MYCBP2,0.00083,0.01913,0.00037,0.00157,0.00102,0.042948346,0.00036,0.00015,0.00607,0.00023,0,0.00026,0.00056,0.200267023,0.16962,0.09946,0.1846,0.181818182,0.208710903,0.19383,0.11257,0.180982337,0.177471264,0.18894,0.2282,0.189137685
T,12,40722168,LRRK2,0,0,0,0,0.05142,0.026603001,0.15178,0.15987,0.16442,0.1719,0.17109,0.1166,0.23,0.214777708,0.2189,0.117,0.21813,0.274358974,0.2478551,0.19221,0.17821,0.228104213,0.244186047,0.21246,0.36267,0.225112108
T,1,160461159,SLAMF6,0.41903,0.50174216,0.629699248,0.10714,0.4734,0.197278912,0.21553,0.637681159,0.40081,0.749103943,0.75136612,0.507968127,0.512396694,0.617117117,0.558176101,0.23236,0.541254125,0.481927711,0.683937824,0.618096357,0.524822695,0.647058824,0.430232558,0.650632911,0.635077793,0.595092025
T,11,78380360,ODZ4,0.24479,0.19708,0.23616,0.05341,0.16277,0.04726101,0.18908,0.2228,0.12654,0.27367,0.24689,0.22987,0.1493,0.213037634,0.19288,0.123,0.19502,0.168579627,0.247311828,0.21081,0.17694,0.211759302,0.239151398,0.23195,0.23584,0.230643045
T,12,41333233,CNTN1,0.36604,0.41401,0.44737,0.43709,0.49216,0.098214286,0.46082,0.46497,0.33136,0.42401,0.41573,0.48265,0.24561,0.444915254,0.41787,0.21597,0.37162,0.289855072,0.467532468,0.42453,0.37276,0.468619247,0.465909091,0.48488,0.35,0.5
T,14,42356600,LRFN5,0.05794,0.1461,0.33905,0.11537,0.11164,0.092003298,0.42947,0.27501,0.2624,0.30582,0.28389,0.08787,0.2642,0.316047802,0.42946,0.20115,0.24077,0.250273025,0.316387,0.43825,0.24871,0.32032657,0.344895074,0.36105,0.49428,0.294833082
T,14,93723647,BTBD7,0.25333,0.21552,0.26027,0.1,0.15949,0.072463768,0.43717,0.14601,0.13669,0.28552,0.27306,0.20257,0.15976,0.225225225,0.34351,0.16689,0.20106,0.448275862,0.210526316,0.45952,0.1487,0.35,0.29787234,0.22581,0.45909,0.236842105
T,17,67003946,ABCA9,0.41667,0.47368,0.39679,0.13953,0.42045,0.272727273,0.41532,0.34211,0.33088,0.44615,0.44,0.38462,0.35135,0.444444444,0.47561,0.28513,0.41379,0.326923077,0.571428571,0.48315,0.35349,0.388059701,0.541666667,0.4459,0.5,0.216216216
T,18,580849,CETN1,0.653179191,0.878504673,0.974137931,0.21053,0.684729064,0.079545455,0.861271676,0.907949791,0.733944954,0.906906907,0.907216495,0.611111111,0.608695652,0.938461538,0.911111111,0.3605,0.746606335,0.694915254,0.95959596,0.879377432,0.735682819,0.926470588,0.9,0.963325183,0.941690962,0.886597938
T,19,19360596,NCAN,0.10891,0.20457,0.20115,0.11642,0.25091,0.037817938,0.13068,0.35745,0.19235,0.24022,0.25757,0.08887,0.26805,0.197385621,0.14504,0.10156,0.16366,0.172465061,0.191206778,0.15197,0.15325,0.17618562,0.210080942,0.18126,0.14047,0.187486469
T,19,49142661,CA11,0.19574,0.3015,0.38798,0.12304,0.0407,0.062454078,0.22742,0.24667,0.19328,0.1093,0.08493,0.27023,0.29664,0.422535211,0.26576,0.1162,0.25836,0.219240506,0.5021565,0.35193,0.13703,0.476238625,0.3289987,0.48542,0.32453,0.315405881
T,2,69098348,BMP10,0.14625,0.13725,0.28133,0.02963,0.23246,0.061946903,0.27178,0.16022,0.20395,0.44875,0.45918,0.25654,0.28947,0.25,0.3033,0.12856,0.22099,0.258241758,0.293103448,0.29383,0.21938,0.354632588,0.386956522,0.29948,0.29892,0.32183908
T,2,141272306,LRP1B,0.16282,0.36567,0.27221,0.14754,0.16816,0.054455446,0.3475,0.14465,0.21989,0.33203,0.35981,0.19809,0.29067,0.346733668,0.32877,0.15185,0.3434,0.197916667,0.419753086,0.30321,0.23393,0.3625,0.347305389,0.29738,0.30344,0.303448276
T,5,90012312,GPR98,0.35255,0.25787,0.3347,0.07712,0.27159,0.065868263,0.29492,0.10574,0.28155,0.0005,0.00107,0.15265,0.22311,0.298634812,0.2697,0.15638,0.27871,0.202197802,0.375163399,0.29031,0.25046,0.277823578,0.341880342,0.33573,0.29067,0.306267806
T,5,112175303,APC,0.48024,0.808176101,0.888507719,0.27163,0.627906977,0.090909091,0.938123752,0.864135864,0.602240896,1,1,0.696850394,0.567073171,0.910958904,0.868421053,0.41789,0.723880597,0.714285714,1,0.923679061,0.66122449,0.872881356,0.926470588,0.976576577,0.946351931,0.873563218
T,7,88965053,ZNF804B,0.30913,0.46414,0.49679,0.20472,0.45165,0.125,0.4749,0.25865,0.34192,0.39293,0.40854,0.26852,0.432,0.495016611,0.44545,0.25638,0.39414,0.505376344,0.478571429,0.47831,0.368,0.522613065,0.286885246,0.47467,0.48081,0.436548223
T,8,56270272,XKR4,0.61875,0.736196319,0.665841584,0.48571,0.737704918,0.235294118,0.796610169,0.821100917,0.666666667,0.820121951,0.815789474,0.803921569,0.752475248,0.678431373,0.732600733,0.548905109,0.724935733,0.641975309,0.646017699,0.685884692,0.677419355,0.705,0.781914894,0.726213592,0.709134615,0.680722892
T,8,77764558,ZFHX4,0.12121,0.32902,0.27931,0.21108,0.25343,0.123376623,0.26595,0.16433,0.17344,0.26615,0.26485,0.0875,0.16159,0.250877193,0.25248,0.16474,0.19088,0.159509202,0.285420945,0.23838,0.23014,0.28219697,0.205263158,0.26114,0.24819,0.168
T,1,12854090,PRAMEF1,0.12658,0.15158,0.18,0.05561,0.18298,0.12972973,0.08333,0.09194,0.12652,0.15179,0.18634,0.11097,0.09091,0.149184149,0.13636,0.1285,0.12375,0.171428571,0.179930796,0.17123,0.14311,0.120437956,0.196581197,0.13116,0.16403,0.217857143
T,1,12907284,HNRNPCL1,0.45728,0.37734,0.43051,0.30104,0.37662,0.404442742,0.494,0.32254,0.33307,0.3171,0.24439,0.49759,0.37806,0.437549097,0.43933,0.42309,0.39988,0.476728423,0.465336821,0.43447,0.41319,0.466621253,0.445342205,0.4206,0.42245,0.453144523
T,1,143767547,PPIAL4G,0.27778,0.25,0.37931,0.45,0.42211,0.1002331,0.43165,0.46667,0.32911,0.45588,0.18182,0.45508,0.17857,0.218295218,0.30303,0.36111,0.45,0.151886792,0.134085213,0.22222,0.1134,0.120980092,0.049382716,0.10204,0.2,0.125
T,1,145115815,SEC22B,0.12028,0.10169,0.1484,0.11718,0.16649,0.119592875,0.04708,0.16185,0.13889,0.18687,0.18235,0.23392,0.16924,0.170842825,0.14787,0.15007,0.14801,0.116939891,0.15377616,0.16426,0.1518,0.169983862,0.130890052,0.15662,0.16736,0.140401146
T,1,145323656,NBPF10,0.073,0.10166,0.13383,0.15358,0.15119,0.101265823,0.10966,0.05803,0.12034,0.1141,0.1279,0.11573,0.13683,0.105952087,0.14706,0.15027,0.15236,0.113657771,0.123760512,0.11395,0.1102,0.110827068,0.095861585,0.10826,0.12002,0.11457079
T,17,7577120,TP53,0.4023,0.598011364,0.854565139,0.40453,0.614367905,0.155172414,0.971675108,0.740458015,0.608430055,0.914893617,0.912513843,0.47027,0.658402204,0.885036496,0.81369248,0.32732,0.631951466,0.556291391,0.932624113,0.862250263,0.608910891,0.850649351,0.822429907,0.972305389,0.882051282,0.852589641
,,,,,,,,,,,,,,,,,,,,,,,,,,,,,
,spot,,,3,4,5,1,11,7,6,7,8,9,12,10,13,3,9,10,11,14,1,5,8,4,6,2,13,12
,surf date,,,8/22/18,8/22/18,8/22/18,8/22/18,8/22/18,6/22/18,8/22/18,8/22/18,8/22/18,8/22/18,8/22/18,8/22/18,8/22/18,6/22/18,6/22/18,6/22/18,6/22/18,6/22/18,6/22/18,6/22/18,6/22/18,6/22/18,6/22/18,6/22/18,6/22/18,6/22/18
,slide,,,A7,A7,A7,A7,A7,A10,A7,A7,A7,A7,A7,A7,A7,A10,A10,A10,A10,A10,A10,A10,A10,A10,A10,A10,A10,A10
,phenotype,,,inv,inv,inv,inv,inv,super,super,super,super,inv,inv,inv,inv,inv,inv,super,inv,inv,super,inv,super,inv,inv,super,inv,inv
,subclone,,,S1,S1,S1,S1,S1,S1,S2,S2,S2,S2,S2,S2,S2,S3,S3,S3,S3,S3,S3,S3,S3,S4,S4,S4,S4,S4